id,ibu
6000,54.8
6001,32.2
6002,31.3
6003,80.6
6004,51.0
6005,18.119999999999997
6006,42.6
6007,33.4
6008,24.0
6009,36.4
6010,105.0
6011,55.6
6012,21.5
6013,28.0
6014,20.919999999999998
6015,47.4
6016,29.0
6017,36.4
6018,35.0
6019,35.8
6020,33.2
6021,48.4
6022,40.4
6023,36.4
6024,26.8
6025,84.2
6026,30.8
6027,36.4
6028,44.8
6029,34.8
6030,36.8
6031,27.8
6032,22.0
6033,37.14
6034,45.72
6035,51.6
6036,39.4
6037,39.8
6038,26.0
6039,27.2
6040,33.6
6041,64.4
6042,30.0
6043,66.2
6044,22.4
6045,39.4
6046,30.0
6047,33.8
6048,31.2
6049,37.4
6050,64.0
6051,19.6
6052,39.4
6053,59.2
6054,21.2
6055,42.0
6056,48.6
6057,23.2
6058,44.760000000000005
6059,45.6
6060,57.8
6061,32.6
6062,36.4
6063,36.0
6064,34.28
6065,24.4
6066,68.0
6067,35.4
6068,45.2
6069,31.0
6070,28.2
6071,49.0
6072,37.14
6073,18.2
6074,33.6
6075,37.6
6076,20.6
6077,12.74
6078,29.8
6079,24.6
6080,55.4
6081,41.6
6082,53.0
6083,37.8
6084,34.0
6085,18.8
6086,31.8
6087,67.8
6088,49.0
6089,30.8
6090,30.6
6091,46.4
6092,65.0
6093,55.8
6094,53.8
6095,37.6
6096,37.8
6097,24.2
6098,46.4
6099,28.0
6100,25.0
6101,50.0
6102,30.0
6103,50.4
6104,36.6
6105,28.439999999999998
6106,59.4
6107,24.4
6108,52.32000000000001
6109,46.6
6110,29.6
6111,27.24
6112,34.0
6113,64.8
6114,57.4
6115,40.2
6116,48.8
6117,30.0
6118,33.6
6119,22.0
6120,38.88
6121,36.4
6122,34.2
6123,30.6
6124,25.8
6125,39.6
6126,35.2
6127,80.2
6128,20.2
6129,33.0
6130,35.7
6131,36.4
6132,76.6
6133,62.4
6134,21.4
6135,18.8
6136,45.0
6137,35.4
6138,41.480000000000004
6139,21.8
6140,58.6
6141,33.4
6142,35.6
6143,31.4
6144,29.8
6145,36.4
6146,54.8
6147,54.2
6148,89.4
6149,26.2
6150,13.6
6151,28.2
6152,41.4
6153,39.6
6154,25.2
6155,23.2
6156,65.4
6157,34.6
6158,33.6
6159,57.0
6160,32.4
6161,61.6
6162,25.4
6163,51.0
6164,69.16
6165,69.8
6166,25.4
6167,34.0
6168,37.0
6169,28.8
6170,35.6
6171,32.6
6172,40.0
6173,25.4
6174,28.6
6175,13.6
6176,34.0
6177,59.4
6178,40.2
6179,60.8
6180,39.0
6181,100.8
6182,79.2
6183,47.6
6184,62.8
6185,40.6
6186,49.0
6187,25.52
6188,65.4
6189,35.4
6190,27.060000000000002
6191,23.0
6192,42.94
6193,47.0
6194,47.86
6195,44.28
6196,14.24
6197,25.4
6198,30.0
6199,28.0
6200,28.6
6201,56.0
6202,49.0
6203,25.7
6204,26.8
6205,40.6
6206,65.8
6207,85.4
6208,41.6
6209,48.4
6210,26.2
6211,72.6
6212,49.0
6213,23.2
6214,32.0
6215,59.8
6216,29.3
6217,93.8
6218,36.4
6219,96.0
6220,13.86
6221,74.4
6222,56.2
6223,22.0
6224,51.8
6225,36.4
6226,26.0
6227,36.6
6228,28.5
6229,36.8
6230,65.8
6231,24.6
6232,58.0
6233,62.0
6234,36.4
6235,32.2
6236,59.4
6237,24.94
6238,48.4
6239,58.8
6240,39.4
6241,15.74
6242,27.4
6243,64.7
6244,34.4
6245,22.6
6246,34.4
6247,23.7
6248,38.6
6249,28.2
6250,26.6
6251,54.8
6252,33.4
6253,41.1
6254,52.4
6255,18.8
6256,68.8
6257,56.8
6258,37.0
6259,46.8
6260,37.8
6261,20.0
6262,45.8
6263,30.4
6264,31.0
6265,35.4
6266,26.8
6267,46.2
6268,25.6
6269,55.8
6270,61.8
6271,71.76
6272,27.2
6273,65.42
6274,32.0
6275,48.4
6276,48.6
6277,27.2
6278,26.8
6279,33.0
6280,30.2
6281,31.0
6282,25.0
6283,35.0
6284,28.8
6285,36.4
6286,36.0
6287,13.6
6288,37.6
6289,36.4
6290,36.4
6291,27.4
6292,26.2
6293,56.6
6294,33.4
6295,70.5
6296,39.0
6297,79.2
6298,24.7
6299,55.6
6300,26.2
6301,22.119999999999997
6302,60.379999999999995
6303,27.6
6304,96.14
6305,65.6
6306,42.4
6307,57.0
6308,25.8
6309,21.0
6310,67.2
6311,34.0
6312,18.5
6313,82.17999999999999
6314,89.4
6315,34.6
6316,49.6
6317,55.2
6318,46.0
6319,44.0
6320,15.930000000000001
6321,35.32
6322,54.2
6323,50.2
6324,48.6
6325,60.8
6326,39.0
6327,59.4
6328,86.34
6329,35.72
6330,44.6
6331,33.88
6332,56.4
6333,53.0
6334,42.660000000000004
6335,54.8
6336,26.04
6337,47.4
6338,36.2
6339,25.6
6340,33.2
6341,36.4
6342,69.8
6343,41.2
6344,29.8
6345,50.4
6346,56.0
6347,21.5
6348,27.330000000000002
6349,21.6
6350,30.0
6351,39.0
6352,34.0
6353,27.0
6354,23.5
6355,19.2
6356,23.6
6357,33.6
6358,52.2
6359,59.0
6360,97.2
6361,52.0
6362,26.8
6363,47.4
6364,66.4
6365,25.419999999999998
6366,33.12
6367,45.0
6368,28.0
6369,19.0
6370,40.4
6371,38.8
6372,46.6
6373,42.6
6374,36.8
6375,64.8
6376,39.8
6377,41.4
6378,31.8
6379,35.2
6380,52.6
6381,59.8
6382,56.0
6383,29.8
6384,31.6
6385,47.0
6386,32.2
6387,17.6
6388,19.6
6389,42.8
6390,28.0
6391,44.8
6392,40.6
6393,36.4
6394,37.6
6395,27.2
6396,32.8
6397,36.96
6398,60.0
6399,16.04
6400,26.0
6401,35.8
6402,27.8
6403,40.6
6404,47.0
6405,33.0
6406,50.2
6407,37.2
6408,60.2
6409,54.8
6410,45.6
6411,37.22
6412,25.2
6413,44.3
6414,20.4
6415,62.0
6416,54.4
6417,36.4
6418,77.6
6419,88.6
6420,47.6
6421,40.2
6422,35.4
6423,25.0
6424,53.4
6425,47.4
6426,71.6
6427,66.0
6428,58.4
6429,24.46
6430,35.4
6431,16.2
6432,75.2
6433,28.6
6434,32.0
6435,47.2
6436,28.4
6437,27.76
6438,17.64
6439,25.6
6440,37.8
6441,31.0
6442,53.0
6443,32.6
6444,36.2
6445,33.6
6446,35.8
6447,31.8
6448,46.6
6449,18.6
6450,49.0
6451,20.0
6452,43.4
6453,41.0
6454,37.6
6455,49.0
6456,31.2
6457,24.6
6458,26.2
6459,43.2
6460,32.0
6461,29.8
6462,15.819999999999999
6463,36.4
6464,36.2
6465,25.8
6466,27.6
6467,51.089999999999996
6468,36.4
6469,27.6
6470,30.0
6471,66.0
6472,32.2
6473,36.4
6474,34.6
6475,27.68
6476,26.4
6477,66.4
6478,49.0
6479,36.4
6480,33.6
6481,36.4
6482,31.8
6483,30.6
6484,31.0
6485,27.3
6486,32.3
6487,26.0
6488,68.8
6489,46.6
6490,37.14
6491,35.0
6492,19.740000000000002
6493,43.6
6494,27.2
6495,96.8
6496,74.6
6497,31.919999999999998
6498,59.8
6499,27.6
6500,53.2
6501,35.0
6502,36.4
6503,56.0
6504,51.6
6505,50.8
6506,27.2
6507,67.8
6508,37.6
6509,26.6
6510,100.8
6511,47.6
6512,39.64
6513,86.8
6514,64.4
6515,67.8
6516,43.4
6517,45.6
6518,30.8
6519,65.2
6520,50.2
6521,53.8
6522,55.4
6523,82.2
6524,21.4
6525,67.0
6526,38.0
6527,36.4
6528,15.6
6529,22.2
6530,32.8
6531,60.8
6532,78.8
6533,18.6
6534,30.8
6535,33.6
6536,30.0
6537,23.0
6538,63.6
6539,29.8
6540,38.6
6541,42.0
6542,42.4
6543,78.4
6544,18.0
6545,95.6
6546,16.02
6547,30.4
6548,38.6
6549,50.4
6550,83.4
6551,39.0
6552,48.4
6553,32.8
6554,31.0
6555,27.4
6556,30.0
6557,37.6
6558,40.8
6559,93.4
6560,37.4
6561,35.8
6562,55.4
6563,48.4
6564,28.0
6565,87.6
6566,77.94
6567,45.6
6568,55.4
6569,39.8
6570,25.0
6571,56.8
6572,79.2
6573,35.2
6574,34.2
6575,13.419999999999998
6576,78.6
6577,27.4
6578,97.8
6579,46.88
6580,31.8
6581,65.4
6582,15.2
6583,36.4
6584,31.2
6585,88.0
6586,26.0
6587,34.4
6588,12.66
6589,34.4
6590,22.6
6591,40.6
6592,37.0
6593,56.8
6594,44.4
6595,17.6
6596,29.2
6597,34.6
6598,36.4
6599,31.0
6600,26.4
6601,23.6
6602,27.6
6603,36.4
6604,75.4
6605,30.4
6606,34.0
6607,43.1
6608,35.6
6609,26.6
6610,24.14
6611,22.8
6612,48.6
6613,39.4
6614,23.2
6615,20.3
6616,40.36
6617,31.0
6618,36.4
6619,26.6
6620,93.0
6621,19.4
6622,34.0
6623,56.0
6624,34.8
6625,16.4
6626,48.4
6627,24.0
6628,47.8
6629,29.0
6630,43.0
6631,51.0
6632,33.8
6633,41.4
6634,49.4
6635,62.2
6636,94.4
6637,40.2
6638,32.6
6639,32.0
6640,31.6
6641,39.6
6642,25.0
6643,38.4
6644,22.4
6645,27.4
6646,70.8
6647,67.0
6648,72.6
6649,39.6
6650,60.4
6651,35.6
6652,36.2
6653,18.4
6654,29.6
6655,21.0
6656,55.89
6657,16.419999999999998
6658,25.8
6659,34.6
6660,69.2
6661,29.8
6662,55.2
6663,36.6
6664,38.0
6665,19.0
6666,90.8
6667,36.4
6668,36.4
6669,90.0
6670,51.6
6671,37.9
6672,26.6
6673,32.2
6674,48.0
6675,38.8
6676,32.42
6677,36.8
6678,31.0
6679,35.6
6680,21.8
6681,38.842
6682,34.4
6683,19.8
6684,51.8
6685,85.8
6686,31.6
6687,25.2
6688,23.2
6689,33.4
6690,29.2
6691,37.6
6692,50.2
6693,57.0
6694,46.0
6695,29.2
6696,26.0
6697,26.2
6698,60.879999999999995
6699,22.4
6700,22.04
6701,65.8
6702,57.4
6703,69.8
6704,61.6
6705,37.842
6706,34.6
6707,20.28
6708,50.2
6709,49.2
6710,28.0
6711,47.4
6712,37.0
6713,13.419999999999998
6714,60.2
6715,53.6
6716,38.6
6717,43.0
6718,21.0
6719,36.0
6720,32.0
6721,95.8
6722,66.8
6723,49.0
6724,38.62
6725,26.6
6726,55.4
6727,31.8
6728,26.0
6729,36.82
6730,51.2
6731,30.2
6732,30.8
6733,64.0
6734,66.0
6735,24.8
6736,45.6
6737,98.6
6738,42.2
6739,37.2
6740,44.4
6741,18.4
6742,20.4
6743,14.059999999999999
6744,42.6
6745,32.0
6746,19.4
6747,39.2
6748,25.0
6749,34.6
6750,23.8
6751,60.6
6752,32.8
6753,16.8
6754,50.2
6755,56.4
6756,34.8
6757,37.6
6758,40.4
6759,47.8
6760,64.6
6761,31.0
6762,84.6
6763,39.6
6764,19.1
6765,57.6
6766,34.6
6767,41.8
6768,54.8
6769,66.0
6770,61.2
6771,53.4
6772,13.6
6773,27.6
6774,42.6
6775,49.6
6776,17.0
6777,20.6
6778,49.6
6779,48.6
6780,49.0
6781,12.74
6782,62.2
6783,55.2
6784,25.4
6785,23.8
6786,24.6
6787,30.6
6788,36.4
6789,29.580000000000002
6790,33.0
6791,34.2
6792,47.2
6793,50.0
6794,22.0
6795,21.6
6796,34.0
6797,41.2
6798,27.2
6799,38.6
6800,53.2
6801,22.2
6802,25.6
6803,25.2
6804,62.0
6805,43.4
6806,59.8
6807,40.4
6808,63.0
6809,66.4
6810,78.8
6811,32.8
6812,41.4
6813,37.14
6814,24.4
6815,36.0
6816,40.0
6817,39.6
6818,19.4
6819,46.2
6820,59.6
6821,37.6
6822,39.2
6823,33.6
6824,14.8
6825,14.74
6826,22.6
6827,30.4
6828,83.6
6829,24.4
6830,21.259999999999998
6831,20.52
6832,18.6
6833,32.2
6834,85.6
6835,38.4
6836,54.4
6837,97.4
6838,62.0
6839,20.0
6840,64.0
6841,16.4
6842,95.0
6843,23.4
6844,19.8
6845,39.8
6846,42.4
6847,26.8
6848,41.2
6849,31.4
6850,37.0
6851,37.6
6852,13.6
6853,36.4
6854,23.2
6855,36.4
6856,40.6
6857,34.08
6858,35.6
6859,27.4
6860,36.4
6861,36.4
6862,23.6
6863,33.8
6864,36.0
6865,90.0
6866,26.8
6867,22.8
6868,33.08
6869,40.6
6870,22.0
6871,40.6
6872,28.360000000000003
6873,36.0
6874,45.6
6875,33.4
6876,57.6
6877,52.8
6878,25.14
6879,51.08
6880,33.0
6881,19.8
6882,35.6
6883,27.4
6884,55.6
6885,83.0
6886,17.8
6887,50.7
6888,70.6
6889,35.2
6890,27.0
6891,23.4
6892,75.6
6893,33.339999999999996
6894,56.0
6895,30.0
6896,30.8
6897,33.2
6898,64.2
6899,22.740000000000002
6900,47.8
6901,30.0
6902,44.6
6903,20.8
6904,24.2
6905,33.4
6906,38.4
6907,32.6
6908,45.0
6909,21.0
6910,31.8
6911,37.8
6912,55.2
6913,28.6
6914,36.4
6915,25.2
6916,64.0
6917,43.68
6918,46.6
6919,90.06
6920,31.4
6921,104.6
6922,101.4
6923,36.4
6924,51.0
6925,60.2
6926,68.2
6927,87.0
6928,28.0
6929,26.6
6930,50.8
6931,59.8
6932,82.2
6933,69.8
6934,27.0
6935,94.0
6936,49.760000000000005
6937,41.4
6938,56.0
6939,23.0
6940,30.6
6941,34.6
6942,30.8
6943,24.2
6944,43.6
6945,37.0
6946,38.2
6947,40.4
6948,52.4
6949,67.74
6950,34.2
6951,25.4
6952,25.0
6953,62.8
6954,21.6
6955,60.0
6956,25.3
6957,37.2
6958,33.28
6959,39.6
6960,35.4
6961,29.4
6962,37.04
6963,26.2
6964,41.2
6965,30.0
6966,22.6
6967,28.8
6968,33.6
6969,29.02
6970,25.8
6971,27.2
6972,36.2
6973,12.66
6974,28.4
6975,13.86
6976,74.8
6977,32.8
6978,36.4
6979,20.6
6980,30.0
6981,18.6
6982,31.339999999999996
6983,28.2
6984,36.8
6985,28.2
6986,29.8
6987,36.4
6988,41.8
6989,36.2
6990,36.0
6991,66.8
6992,36.0
6993,66.2
6994,48.2
6995,96.6
6996,32.4
6997,58.0
6998,31.0
6999,29.4
7000,68.8
7001,36.4
7002,33.6
7003,26.4
7004,32.739999999999995
7005,34.3
7006,29.580000000000002
7007,34.0
7008,29.8
7009,28.0
7010,36.4
7011,45.0
7012,24.6
7013,20.52
7014,25.6
7015,40.4
7016,44.4
7017,101.0
7018,30.6
7019,28.4
7020,41.2
7021,35.0
7022,14.0
7023,30.0
7024,44.6
7025,36.4
7026,28.0
7027,34.0
7028,33.0
7029,23.4
7030,74.0
7031,30.2
7032,28.8
7033,18.6
7034,31.6
7035,22.0
7036,25.6
7037,66.4
7038,37.6
7039,24.4
7040,84.0
7041,45.6
7042,30.0
7043,43.3
7044,39.4
7045,41.0
7046,36.4
7047,21.8
7048,23.8
7049,67.2
7050,40.0
7051,54.6
7052,65.8
7053,57.0
7054,27.4
7055,14.24
7056,22.4
7057,50.8
7058,26.4
7059,25.6
7060,30.4
7061,24.6
7062,24.0
7063,34.6
7064,35.8
7065,39.4
7066,43.86
7067,68.6
7068,30.0
7069,34.8
7070,73.4
7071,33.4
7072,40.2
7073,69.2
7074,34.9
7075,31.6
7076,36.2
7077,58.2
7078,13.86
7079,40.6
7080,30.0
7081,26.8
7082,27.6
7083,30.0
7084,17.2
7085,51.760000000000005
7086,33.6
7087,54.6
7088,65.8
7089,68.4
7090,50.96
7091,23.4
7092,48.4
7093,19.0
7094,24.4
7095,42.2
7096,19.2
7097,73.8
7098,29.8
7099,32.8
7100,38.2
7101,53.8
7102,39.6
7103,20.4
7104,23.4
7105,15.319999999999999
7106,53.2
7107,28.6
7108,17.6
7109,37.0
7110,49.0
7111,42.4
7112,25.4
7113,31.8
7114,27.4
7115,18.0
7116,94.46000000000001
7117,28.2
7118,90.06
7119,27.0
7120,57.5
7121,31.6
7122,20.6
7123,29.8
7124,36.4
7125,41.4
7126,59.2
7127,29.0
7128,70.8
7129,22.2
7130,24.8
7131,44.2
7132,30.880000000000003
7133,30.8
7134,63.0
7135,36.4
7136,42.6
7137,25.6
7138,29.8
7139,36.6
7140,38.0
7141,65.4
7142,53.2
7143,44.4
7144,36.4
7145,24.4
7146,29.0
7147,74.0
7148,35.8
7149,59.6
7150,64.0
7151,58.0
7152,65.4
7153,41.2
7154,36.2
7155,34.4
7156,35.0
7157,28.74
7158,69.6
7159,36.4
7160,28.6
7161,35.2
7162,19.4
7163,46.4
7164,39.2
7165,26.6
7166,55.3
7167,13.419999999999998
7168,32.0
7169,46.8
7170,57.2
7171,26.3
7172,25.6
7173,33.2
7174,41.4
7175,76.8
7176,44.8
7177,34.3
7178,25.6
7179,41.0
7180,38.0
7181,27.0
7182,36.4
7183,39.0
7184,17.2
7185,41.4
7186,51.0
7187,27.8
7188,28.6
7189,39.0
7190,56.0
7191,46.0
7192,39.8
7193,39.0
7194,25.639999999999997
7195,31.6
7196,32.6
7197,54.2
7198,37.8
7199,48.4
7200,27.6
7201,18.2
7202,93.1
7203,18.4
7204,36.68
7205,41.0
7206,37.6
7207,39.0
7208,45.2
7209,18.4
7210,25.8
7211,36.4
7212,15.52
7213,39.0
7214,12.66
7215,31.4
7216,54.4
7217,34.6
7218,34.6
7219,36.0
7220,37.42
7221,63.2
7222,31.2
7223,56.2
7224,36.4
7225,34.08
7226,33.6
7227,17.619999999999997
7228,35.0
7229,28.0
7230,29.8
7231,96.4
7232,23.8
7233,45.6
7234,22.0
7235,34.6
7236,26.8
7237,30.0
7238,40.2
7239,95.6
7240,43.4
7241,33.8
7242,33.6
7243,33.42
7244,18.8
7245,37.0
7246,57.8
7247,60.8
7248,13.38
7249,66.6
7250,39.4
7251,12.66
7252,40.6
7253,35.339999999999996
7254,42.6
7255,36.6
7256,30.6
7257,15.8
7258,21.740000000000002
7259,55.0
7260,30.4
7261,21.2
7262,27.4
7263,51.1
7264,81.6
7265,38.2
7266,20.4
7267,26.8
7268,117.0
7269,39.519999999999996
7270,36.08
7271,39.6
7272,36.4
7273,65.8
7274,36.2
7275,38.6
7276,33.7
7277,24.0
7278,34.0
7279,66.6
7280,32.0
7281,51.0
7282,17.8
7283,33.6
7284,39.6
7285,16.8
7286,25.3
7287,43.6
7288,52.6
7289,33.4
7290,45.4
7291,26.4
7292,36.4
7293,87.6
7294,36.4
7295,57.4
7296,29.8
7297,28.2
7298,27.8
7299,27.6
7300,21.0
7301,79.24
7302,36.6
7303,24.2
7304,21.0
7305,31.139999999999997
7306,92.0
7307,28.7
7308,23.2
7309,21.6
7310,47.019999999999996
7311,37.8
7312,30.4
7313,64.0
7314,49.8
7315,41.2
7316,26.8
7317,35.0
7318,28.0
7319,55.0
7320,45.0
7321,68.0
7322,60.0
7323,24.8
7324,23.8
7325,60.6
7326,81.6
7327,84.6
7328,20.4
7329,45.6
7330,66.4
7331,40.5
7332,37.2
7333,12.66
7334,73.2
7335,96.74
7336,23.8
7337,18.4
7338,31.0
7339,12.74
7340,27.8
7341,49.4
7342,27.6
7343,31.6
7344,79.6
7345,26.0
7346,28.6
7347,49.6
7348,24.6
7349,43.8
7350,32.7
7351,18.6
7352,50.0
7353,18.4
7354,36.4
7355,18.2
7356,36.4
7357,36.2
7358,72.4
7359,49.0
7360,63.0
7361,37.6
7362,21.8
7363,16.0
7364,37.6
7365,18.4
7366,27.6
7367,54.8
7368,31.0
7369,56.0
7370,33.4
7371,15.1
7372,98.2
7373,46.6
7374,42.0
7375,23.0
7376,27.76
7377,30.3
7378,40.0
7379,36.4
7380,30.6
7381,52.4
7382,52.8
7383,14.4
7384,27.8
7385,19.6
7386,26.4
7387,38.8
7388,24.0
7389,48.6
7390,36.4
7391,35.4
7392,10.76
7393,96.2
7394,47.8
7395,33.2
7396,34.6
7397,37.6
7398,57.260000000000005
7399,31.0
7400,33.4
7401,36.4
7402,36.4
7403,26.6
7404,67.0
7405,62.0
7406,60.8
7407,38.4
7408,49.0
7409,54.6
7410,55.4
7411,44.4
7412,50.8
7413,34.8
7414,67.0
7415,30.0
7416,31.52
7417,38.2
7418,25.0
7419,26.2
7420,33.4
7421,34.6
7422,32.2
7423,84.2
7424,27.2
7425,69.8
7426,25.8
7427,61.46
7428,14.8
7429,34.4
7430,67.8
7431,30.880000000000003
7432,31.4
7433,36.4
7434,40.6
7435,55.6
7436,34.4
7437,24.4
7438,16.4
7439,40.1
7440,30.4
7441,62.2
7442,51.4
7443,21.8
7444,39.8
7445,39.6
7446,103.6
7447,56.8
7448,36.8
7449,36.4
7450,46.2
7451,26.0
7452,39.8
7453,48.6
7454,68.8
7455,36.4
7456,36.4
7457,47.6
7458,95.8
7459,14.26
7460,37.6
7461,36.4
7462,32.8
7463,33.8
7464,31.2
7465,29.8
7466,33.0
7467,23.4
7468,52.4
7469,42.94
7470,42.4
7471,57.4
7472,21.8
7473,30.6
7474,48.8
7475,28.560000000000002
7476,91.1
7477,37.6
7478,33.8
7479,65.4
7480,46.0
7481,17.6
7482,45.4
7483,36.2
7484,51.6
7485,34.6
7486,22.2
7487,47.6
7488,39.019999999999996
7489,35.4
7490,47.8
7491,13.6
7492,28.0
7493,29.6
7494,34.0
7495,14.4
7496,93.2
7497,43.0
7498,45.2
7499,40.4
7500,35.6
7501,28.0
7502,65.4
7503,34.0
7504,36.2
7505,20.0
7506,13.6
7507,81.6
7508,25.2
7509,41.4
7510,24.2
7511,24.2
7512,37.2
7513,20.32
7514,27.8
7515,49.4
7516,103.0
7517,39.6
7518,22.1
7519,56.2
7520,44.8
7521,21.2
7522,30.6
7523,42.2
7524,49.6
7525,65.53999999999999
7526,32.4
7527,38.0
7528,67.0
7529,42.4
7530,27.4
7531,52.8
7532,30.6
7533,18.4
7534,25.4
7535,24.44
7536,60.6
7537,34.0
7538,79.6
7539,33.6
7540,34.6
7541,26.2
7542,70.0
7543,64.4
7544,24.72
7545,33.0
7546,27.8
7547,38.2
7548,58.6
7549,31.8
7550,38.0
7551,40.6
7552,40.0
7553,18.0
7554,27.2
7555,54.2
7556,63.8
7557,51.6
7558,65.2
7559,34.6
7560,41.6
7561,53.2
7562,42.2
7563,40.2
7564,25.8
7565,33.4
7566,79.2
7567,55.0
7568,35.4
7569,41.4
7570,31.1
7571,66.2
7572,37.4
7573,33.4
7574,62.2
7575,26.4
7576,17.8
7577,45.6
7578,65.4
7579,37.6
7580,33.22
7581,18.6
7582,56.4
7583,30.4
7584,50.6
7585,44.5
7586,51.0
7587,42.6
7588,21.2
7589,116.0
7590,35.2
7591,47.0
7592,41.0
7593,34.6
7594,40.6
7595,33.8
7596,49.2
7597,27.4
7598,39.6
7599,29.6
7600,54.0
7601,54.4
7602,47.0
7603,28.6
7604,40.6
7605,30.2
7606,58.2
7607,44.8
7608,66.2
7609,53.0
7610,44.6
7611,55.8
7612,59.6
7613,26.4
7614,22.4
7615,42.4
7616,37.0
7617,29.0
7618,46.8
7619,55.9
7620,23.4
7621,45.8
7622,31.639999999999997
7623,55.0
7624,33.0
7625,16.4
7626,25.8
7627,22.2
7628,24.8
7629,44.8
7630,64.2
7631,62.8
7632,12.74
7633,21.8
7634,27.1
7635,60.4
7636,262.2
7637,63.6
7638,45.4
7639,30.2
7640,33.4
7641,38.4
7642,38.2
7643,66.8
7644,49.8
7645,57.260000000000005
7646,36.6
7647,32.480000000000004
7648,32.4
7649,17.78
7650,32.88
7651,29.4
7652,64.8
7653,55.2
7654,23.759999999999998
7655,55.0
7656,33.4
7657,39.36
7658,21.2
7659,23.4
7660,46.4
7661,29.2
7662,25.6
7663,49.8
7664,12.74
7665,34.6
7666,88.4
7667,24.8
7668,92.0
7669,36.042
7670,60.0
7671,21.0
7672,71.0
7673,33.94
7674,54.6
7675,26.76
7676,34.6
7677,40.6
7678,43.0
7679,42.88
7680,81.0
7681,37.6
7682,62.8
7683,26.0
7684,38.6
7685,44.4
7686,37.2
7687,69.8
7688,32.4
7689,19.2
7690,52.760000000000005
7691,33.4
7692,39.2
7693,52.2
7694,37.6
7695,65.4
7696,40.6
7697,39.6
7698,51.8
7699,21.0
7700,53.0
7701,43.4
7702,107.74000000000001
7703,44.2
7704,28.2
7705,32.2
7706,65.4
7707,33.0
7708,36.32
7709,76.4
7710,26.2
7711,24.4
7712,21.2
7713,36.4
7714,23.0
7715,89.6
7716,53.0
7717,36.4
7718,36.6
7719,48.2
7720,91.94
7721,29.580000000000002
7722,55.8
7723,24.2
7724,32.4
7725,41.4
7726,54.0
7727,37.22
7728,34.0
7729,93.1
7730,33.0
7731,24.4
7732,16.7
7733,25.4
7734,26.8
7735,39.6
7736,36.4
7737,34.0
7738,32.7
7739,31.6
7740,25.0
7741,40.6
7742,60.86
7743,76.2
7744,38.4
7745,86.06
7746,37.2
7747,27.0
7748,44.8
7749,37.8
7750,105.4
7751,31.4
7752,32.2
7753,56.4
7754,22.6
7755,36.4
7756,21.0
7757,36.4
7758,33.6
7759,46.2
7760,76.0
7761,27.6
7762,45.4
7763,125.6
7764,23.8
7765,42.06
7766,29.8
7767,28.2
7768,28.2
7769,93.2
7770,25.6
7771,27.4
7772,60.0
7773,62.2
7774,45.8
7775,13.86
7776,30.8
7777,37.46
7778,36.4
7779,39.2
7780,36.4
7781,36.4
7782,27.4
7783,47.72
7784,26.4
7785,29.8
7786,44.6
7787,39.0
7788,59.4
7789,36.0
7790,76.6
7791,29.8
7792,33.4
7793,63.8
7794,97.8
7795,33.4
7796,74.0
7797,20.2
7798,71.2
7799,46.8
7800,37.2
7801,56.2
7802,39.4
7803,57.8
7804,21.2
7805,58.8
7806,20.240000000000002
7807,58.4
7808,41.6
7809,28.4
7810,62.0
7811,69.6
7812,33.2
7813,39.4
7814,59.4
7815,64.8
7816,23.2
7817,69.8
7818,72.4
7819,70.6
7820,44.8
7821,45.4
7822,35.0
7823,44.8
7824,37.8
7825,22.2
7826,64.0
7827,49.6
7828,65.0
7829,35.94
7830,27.0
7831,39.4
7832,26.0
7833,54.4
7834,48.0
7835,34.0
7836,30.6
7837,30.8
7838,41.4
7839,25.8
7840,54.6
7841,23.2
7842,29.4
7843,19.1
7844,36.6
7845,38.0
7846,31.2
7847,34.0
7848,55.0
7849,13.86
7850,93.6
7851,45.32
7852,49.0
7853,54.8
7854,90.06
7855,82.6
7856,25.8
7857,62.6
7858,44.4
7859,16.82
7860,26.4
7861,21.8
7862,57.0
7863,63.6
7864,27.4
7865,63.8
7866,36.4
7867,25.0
7868,41.0
7869,45.64
7870,33.6
7871,13.6
7872,21.2
7873,27.4
7874,31.0
7875,34.4
7876,34.2
7877,96.6
7878,32.739999999999995
7879,27.4
7880,37.4
7881,35.0
7882,67.2
7883,31.2
7884,65.8
7885,57.54
7886,24.04
7887,62.0
7888,41.6
7889,54.0
7890,69.4
7891,27.8
7892,56.2
7893,55.0
7894,65.8
7895,23.8
7896,39.8
7897,18.86
7898,24.8
7899,38.4
7900,37.6
7901,69.0
7902,18.2
7903,31.4
7904,18.4
7905,34.6
7906,80.4
7907,41.0
7908,54.2
7909,55.08
7910,20.6
7911,37.4
7912,25.8
7913,29.8
7914,30.6
7915,51.0
7916,37.6
7917,26.2
7918,43.0
7919,42.6
7920,50.0
7921,34.6
7922,33.6
7923,46.4
7924,35.2
7925,64.8
7926,75.0
7927,31.6
7928,83.0
7929,92.8
7930,34.0
7931,25.82
7932,36.8
7933,38.0
7934,52.0
7935,16.2
7936,37.6
7937,45.54
7938,33.6
7939,11.86
7940,60.6
7941,69.12
7942,18.119999999999997
7943,31.6
7944,36.4
7945,24.4
7946,40.8
7947,50.0
7948,44.739999999999995
7949,64.8
7950,97.2
7951,34.4
7952,107.8
7953,36.4
7954,21.06
7955,12.66
7956,16.2
7957,34.6
7958,21.6
7959,32.6
7960,23.4
7961,30.8
7962,34.4
7963,39.8
7964,28.0
7965,31.4
7966,36.4
7967,32.692
7968,27.0
7969,69.6
7970,44.6
7971,59.4
7972,28.2
7973,28.8
7974,32.7
7975,91.8
7976,30.6
7977,33.0
7978,30.4
7979,45.0
7980,37.6
7981,19.2
7982,60.0
7983,36.4
7984,23.4
7985,101.0
7986,67.0
7987,78.8
7988,100.8
7989,46.0
7990,58.5
7991,13.6
7992,18.4
7993,52.0
7994,58.56
7995,70.4
7996,27.2
7997,58.8
7998,18.4
7999,29.4
8000,55.0
8001,70.4
8002,104.6
8003,38.6
8004,33.2
8005,53.0
8006,22.0
8007,26.0
8008,36.4
8009,24.6
8010,33.0
8011,35.0
8012,59.2
8013,46.2
8014,92.0
8015,24.0
8016,39.2
8017,28.0
8018,41.2
8019,57.8
8020,34.4
8021,79.2
8022,14.940000000000001
8023,18.6
8024,57.2
8025,27.0
8026,35.4
8027,25.6
8028,31.8
8029,62.2
8030,23.8
8031,22.8
8032,24.2
8033,29.4
8034,39.6
8035,86.0
8036,32.2
8037,25.4
8038,38.0
8039,29.8
8040,42.4
8041,36.4
8042,47.0
8043,36.2
8044,29.0
8045,28.6
8046,39.6
8047,17.240000000000002
8048,32.2
8049,48.6
8050,36.4
8051,26.6
8052,38.2
8053,32.8
8054,38.4
8055,63.6
8056,39.9
8057,36.2
8058,99.6
8059,32.6
8060,29.4
8061,42.8
8062,18.6
8063,32.4
8064,36.4
8065,31.2
8066,58.8
8067,26.8
8068,18.2
8069,49.6
8070,56.4
8071,55.89
8072,32.4
8073,51.8
8074,28.4
8075,13.86
8076,27.9
8077,45.7
8078,29.2
8079,32.4
8080,39.4
8081,93.1
8082,52.2
8083,34.0
8084,63.8
8085,106.6
8086,12.66
8087,40.6
8088,30.2
8089,67.2
8090,30.4
8091,35.2
8092,66.6
8093,30.130000000000003
8094,48.6
8095,22.1
8096,59.6
8097,85.6
8098,35.1
8099,46.6
8100,20.8
8101,33.4
8102,22.8
8103,57.54
8104,38.8
8105,28.0
8106,25.8
8107,23.4
8108,13.86
8109,20.6
8110,30.0
8111,31.8
8112,107.8
8113,20.6
8114,37.6
8115,29.4
8116,13.86
8117,32.4
8118,130.8
8119,36.4
8120,63.8
8121,59.8
8122,36.4
8123,29.0
8124,67.4
8125,25.0
8126,93.8
8127,41.0
8128,32.6
8129,24.4
8130,21.0
8131,42.12
8132,37.4
8133,19.4
8134,65.0
8135,28.4
8136,36.4
8137,33.6
8138,79.6
8139,33.0
8140,35.4
8141,36.4
8142,66.8
8143,25.6
8144,28.6
8145,39.8
8146,27.6
8147,43.58
8148,55.4
8149,37.6
8150,55.8
8151,25.0
8152,73.2
8153,25.0
8154,60.0
8155,33.0
8156,79.2
8157,36.0
8158,65.4
8159,31.82
8160,41.12
8161,34.6
8162,42.8
8163,15.6
8164,68.2
8165,36.8
8166,67.6
8167,25.0
8168,35.2
8169,19.4
8170,42.0
8171,34.6
8172,49.8
8173,39.6
8174,36.4
8175,21.6
8176,33.6
8177,62.0
8178,34.6
8179,36.4
8180,32.0
8181,49.0
8182,44.2
8183,19.82
8184,28.8
8185,40.82
8186,53.4
8187,27.6
8188,94.8
8189,29.8
8190,49.0
8191,47.6
8192,28.2
8193,27.6
8194,54.4
8195,30.4
8196,48.0
8197,19.0
8198,27.0
8199,36.4
8200,36.4
8201,16.6
8202,57.2
8203,42.6
8204,25.8
8205,26.2
8206,48.4
8207,28.0
8208,67.0
8209,57.8
8210,71.6
8211,34.4
8212,65.6
8213,47.2
8214,60.0
8215,18.240000000000002
8216,25.8
8217,37.2
8218,24.6
8219,27.0
8220,22.2
8221,65.8
8222,25.0
8223,74.2
8224,33.4
8225,72.0
8226,57.8
8227,35.4
8228,69.4
8229,36.2
8230,30.0
8231,47.6
8232,36.4
8233,50.8
8234,26.0
8235,42.2
8236,54.0
8237,66.6
8238,67.2
8239,24.8
8240,26.8
8241,90.7
8242,22.6
8243,30.8
8244,59.0
8245,60.6
8246,28.6
8247,69.8
8248,23.4
8249,37.14
8250,51.6
8251,21.22
8252,57.4
8253,42.2
8254,24.4
8255,43.4
8256,24.8
8257,25.8
8258,34.2
8259,18.4
8260,34.2
8261,54.8
8262,71.8
8263,59.2
8264,22.6
8265,59.2
8266,101.4
8267,34.0
8268,42.2
8269,95.6
8270,19.6
8271,28.0
8272,81.4
8273,23.4
8274,37.2
8275,62.2
8276,19.1
8277,36.4
8278,35.0
8279,31.6
8280,65.2
8281,36.4
8282,31.4
8283,14.24
8284,35.6
8285,33.0
8286,25.54
8287,58.0
8288,25.8
8289,27.4
8290,41.8
8291,49.0
8292,17.919999999999998
8293,26.0
8294,57.5
8295,49.6
8296,66.4
8297,26.919999999999998
8298,32.6
8299,17.4
8300,64.6
8301,80.2
8302,33.4
8303,26.0
8304,42.8
8305,81.6
8306,29.580000000000002
8307,32.6
8308,22.0
8309,36.4
8310,36.4
8311,113.2
8312,36.519999999999996
8313,26.6
8314,24.8
8315,29.0
8316,30.82
8317,16.2
8318,39.0
8319,53.4
8320,18.8
8321,23.8
8322,34.6
8323,46.4
8324,29.660000000000004
8325,37.6
8326,25.4
8327,33.8
8328,78.0
8329,41.32
8330,94.8
8331,34.6
8332,30.6
8333,78.0
8334,21.6
8335,41.4
8336,29.954
8337,27.4
8338,93.8
8339,12.66
8340,47.4
8341,26.0
8342,30.2
8343,55.6
8344,44.2
8345,47.54
8346,25.7
8347,26.339999999999996
8348,52.4
8349,57.6
8350,62.0
8351,42.6
8352,28.4
8353,32.8
8354,67.0
8355,108.58
8356,50.8
8357,52.8
8358,17.34
8359,16.8
8360,42.4
8361,45.0
8362,62.0
8363,13.419999999999998
8364,25.7
8365,25.4
8366,71.6
8367,73.6
8368,82.4
8369,39.6
8370,50.96
8371,61.0
8372,43.0
8373,49.8
8374,27.4
8375,42.6
8376,57.54
8377,71.0
8378,56.0
8379,42.6
8380,32.6
8381,54.6
8382,26.0
8383,62.0
8384,46.4
8385,29.73
8386,27.0
8387,37.0
8388,38.6
8389,21.8
8390,27.6
8391,34.72
8392,37.4
8393,68.0
8394,58.0
8395,47.2
8396,27.360000000000003
8397,23.8
8398,25.2
8399,14.24
8400,52.0
8401,53.8
8402,21.8
8403,18.8
8404,31.96
8405,50.0
8406,72.0
8407,30.0
8408,37.8
8409,22.2
8410,37.6
8411,62.3
8412,46.6
8413,48.4
8414,39.6
8415,20.6
8416,28.0
8417,42.4
8418,37.2
8419,87.2
8420,30.0
8421,30.8
8422,44.0
8423,45.0
8424,27.6
8425,28.0
8426,25.48
8427,33.4
8428,64.6
8429,66.6
8430,37.8
8431,38.519999999999996
8432,27.339999999999996
8433,39.8
8434,37.6
8435,31.6
8436,37.642
8437,31.2
8438,33.6
8439,51.6
8440,24.4
8441,29.2
8442,18.78
8443,39.2
8444,22.8
8445,56.0
8446,28.2
8447,46.0
8448,51.32000000000001
8449,79.0
8450,67.2
8451,28.6
8452,28.8
8453,44.4
8454,46.4
8455,24.4
8456,41.4
8457,63.4
8458,35.4
8459,24.8
8460,39.2
8461,38.0
8462,29.8
8463,69.0
8464,30.0
8465,54.2
8466,36.4
8467,33.6
8468,49.0
8469,45.8
8470,38.0
8471,32.8
8472,37.6
8473,64.6
8474,22.2
8475,36.4
8476,53.8
8477,74.0
8478,21.0
8479,33.0
8480,26.4
8481,67.2
8482,90.74
8483,15.4
8484,41.0
8485,30.0
8486,46.2
8487,35.6
8488,34.6
8489,29.4
8490,43.4
8491,25.0
8492,20.2
8493,52.2
8494,27.6
8495,27.2
8496,61.0
8497,39.6
8498,49.0
8499,40.0
8500,34.6
8501,39.2
8502,28.6
8503,47.8
8504,32.8
8505,50.760000000000005
8506,41.6
8507,35.2
8508,35.4
8509,30.2
8510,37.14
8511,58.5
8512,89.4
8513,61.0
8514,59.2
8515,28.0
8516,25.8
8517,31.4
8518,50.0
8519,44.8
8520,16.6
8521,56.0
8522,41.4
8523,32.0
8524,37.6
8525,25.2
8526,80.6
8527,69.7
8528,39.6
8529,47.8
8530,23.0
8531,33.6
8532,27.6
8533,26.2
8534,82.0
8535,39.2
8536,31.6
8537,36.4
8538,70.0
8539,32.0
8540,47.72
8541,25.2
8542,39.6
8543,33.2
8544,31.82
8545,33.8
8546,36.4
8547,26.6
8548,29.580000000000002
8549,25.0
8550,18.4
8551,40.8
8552,72.2
8553,38.6
8554,54.4
8555,56.4
8556,61.2
8557,25.8
8558,34.0
8559,20.092000000000002
8560,46.8
8561,45.4
8562,41.8
8563,25.8
8564,26.0
8565,28.2
8566,67.4
8567,103.6
8568,42.339999999999996
8569,67.0
8570,29.6
8571,20.6
8572,48.4
8573,51.0
8574,49.0
8575,39.6
8576,33.0
8577,55.4
8578,32.08
8579,65.4
8580,19.8
8581,70.4
8582,36.4
8583,48.46
8584,27.4
8585,21.4
8586,101.8
8587,39.54
8588,36.4
8589,59.4
8590,28.2
8591,18.4
8592,36.0
8593,25.0
8594,56.2
8595,38.8
8596,37.6
8597,50.0
8598,57.3
8599,61.2
8600,43.06
8601,39.6
8602,66.6
8603,23.4
8604,45.2
8605,12.74
8606,21.2
8607,36.4
8608,25.4
8609,20.580000000000002
8610,39.4
8611,33.4
8612,38.6
8613,95.6
8614,90.0
8615,39.2
8616,61.4
8617,38.0
8618,45.8
8619,37.6
8620,25.0
8621,31.8
8622,47.4
8623,20.2
8624,37.4
8625,39.6
8626,25.0
8627,28.060000000000002
8628,57.5
8629,31.82
8630,31.6
8631,31.0
8632,57.54
8633,27.330000000000002
8634,55.0
8635,28.0
8636,39.2
8637,91.1
8638,38.2
8639,33.8
8640,27.4
8641,24.0
8642,37.4
8643,36.4
8644,28.4
8645,28.8
8646,17.64
8647,35.0
8648,34.0
8649,22.4
8650,19.8
8651,35.0
8652,45.2
8653,60.0
8654,72.2
8655,39.6
8656,33.6
8657,36.4
8658,47.8
8659,24.6
8660,36.084
8661,30.880000000000003
8662,76.7
8663,49.0
8664,39.6
8665,71.2
8666,36.4
8667,56.2
8668,45.884
8669,37.6
8670,24.6
8671,34.86
8672,34.6
8673,31.2
8674,52.0
8675,49.0
8676,13.86
8677,42.2
8678,31.4
8679,31.2
8680,46.6
8681,30.4
8682,29.8
8683,32.0
8684,12.66
8685,70.8
8686,31.6
8687,33.42
8688,64.2
8689,39.8
8690,12.66
8691,32.6
8692,32.2
8693,57.4
8694,55.4
8695,60.8
8696,53.0
8697,34.6
8698,15.6
8699,40.0
8700,50.8
8701,44.2
8702,29.0
8703,20.6
8704,74.2
8705,27.4
8706,54.4
8707,18.0
8708,57.4
8709,31.0
8710,28.2
8711,48.4
8712,24.4
8713,62.0
8714,61.0
8715,29.4
8716,56.0
8717,27.0
8718,34.6
8719,32.4
8720,64.4
8721,33.2
8722,23.6
8723,40.6
8724,27.5
8725,35.2
8726,36.2
8727,46.8
8728,52.4
8729,45.6
8730,37.0
8731,96.0
8732,28.0
8733,30.0
8734,28.2
8735,44.28
8736,36.6
8737,28.0
8738,36.8
8739,38.2
8740,28.68
8741,44.0
8742,42.4
8743,45.6
8744,48.4
8745,99.4
8746,43.4
8747,51.0
8748,57.0
8749,49.8
8750,34.92
8751,26.4
8752,27.4
8753,49.0
8754,79.0
8755,19.6
8756,37.14
8757,54.6
8758,31.2
8759,54.2
8760,24.6
8761,39.08
8762,27.5
8763,27.2
8764,23.8
8765,44.12
8766,10.620000000000001
8767,50.0
8768,25.0
8769,58.0
8770,29.6
8771,76.0
8772,71.4
8773,29.2
8774,29.8
8775,47.0
8776,18.4
8777,25.7
8778,23.0
8779,40.6
8780,34.8
8781,16.240000000000002
8782,48.6
8783,27.6
8784,58.4
8785,23.6
8786,29.8
8787,22.6
8788,13.6
8789,46.06
8790,23.2
8791,36.4
8792,66.0
8793,72.6
8794,47.4
8795,42.2
8796,54.2
8797,25.4
8798,23.0
8799,29.0
8800,82.2
8801,31.96
8802,52.220000000000006
8803,36.2
8804,60.0
8805,39.6
8806,52.7
8807,37.6
8808,27.2
8809,39.6
8810,37.4
8811,34.2
8812,21.8
8813,25.8
8814,63.2
8815,25.0
8816,30.8
8817,23.8
8818,46.28
8819,19.2
8820,55.8
8821,36.4
8822,27.0
8823,19.0
8824,33.6
8825,63.4
8826,29.2
8827,32.480000000000004
8828,66.2
8829,56.4
8830,43.2
8831,34.0
8832,128.4
8833,28.2
8834,29.8
8835,28.2
8836,28.2
8837,80.2
8838,20.0
8839,86.34
8840,57.46
8841,68.8
8842,13.419999999999998
8843,58.4
8844,35.2
8845,25.8
8846,23.8
8847,35.6
8848,47.6
8849,34.0
8850,37.6
8851,31.4
8852,59.4
8853,31.6
8854,30.8
8855,63.6
8856,13.86
8857,22.8
8858,39.042
8859,72.6
8860,37.2
8861,59.2
8862,22.0
8863,37.0
8864,43.4
8865,48.4
8866,83.0
8867,36.4
8868,46.6
8869,42.56
8870,41.0
8871,56.0
8872,63.4
8873,26.0
8874,38.4
8875,16.8
8876,45.0
8877,51.4
8878,22.0
8879,20.4
8880,28.0
8881,64.4
8882,55.8
8883,26.639999999999997
8884,73.4
8885,58.8
8886,94.6
8887,40.4
8888,12.74
8889,42.6
8890,60.0
8891,66.6
8892,134.0
8893,59.4
8894,29.8
8895,31.4
8896,37.4
8897,36.4
8898,11.82
8899,30.2
8900,13.86
8901,66.6
8902,61.0
8903,43.8
8904,24.6
8905,27.2
8906,13.7
8907,56.6
8908,44.8
8909,68.2
8910,30.0
8911,70.0
8912,49.6
8913,25.3
8914,50.6
8915,57.6
8916,42.94
8917,47.8
8918,32.6
8919,27.8
8920,34.6
8921,60.2
8922,31.6
8923,17.6
8924,29.4
8925,64.0
8926,36.4
8927,39.2
8928,64.2
8929,46.4
8930,49.8
8931,40.36
8932,37.6
8933,57.4
8934,31.0
8935,38.8
8936,72.2
8937,54.0
8938,36.4
8939,28.2
8940,66.6
8941,21.8
8942,56.0
8943,65.0
8944,38.4
8945,26.0
8946,39.6
8947,33.0
8948,36.4
8949,30.6
8950,25.4
8951,35.8
8952,19.68
8953,54.8
8954,31.2
8955,40.4
8956,21.6
8957,61.4
8958,41.4
8959,40.6
8960,50.0
8961,55.8
8962,36.4
8963,26.2
8964,66.2
8965,33.44
8966,68.0
8967,82.0
8968,29.2
8969,65.8
8970,49.2
8971,38.019999999999996
8972,66.6
8973,26.8
8974,65.8
8975,36.4
8976,23.0
8977,45.6
8978,33.0
8979,27.0
8980,28.2
8981,28.8
8982,93.46000000000001
8983,29.8
8984,37.6
8985,34.6
8986,64.4
8987,54.2
8988,34.6
8989,29.0
8990,62.2
8991,38.4
8992,40.4
8993,19.2
8994,24.4
8995,29.580000000000002
8996,41.4
8997,29.0
8998,34.4
8999,26.6
9000,51.0
9001,41.6
9002,55.2
9003,37.6
9004,56.2
9005,57.0
9006,40.6
9007,29.8
9008,55.8
9009,71.6
9010,28.0
9011,37.6
9012,94.4
9013,21.6
9014,55.0
9015,58.0
9016,26.8
9017,54.6
9018,66.4
9019,72.4
9020,35.2
9021,29.4
9022,39.8
9023,27.8
9024,24.8
9025,25.8
9026,35.4
9027,38.6
9028,43.0
9029,27.2
9030,49.4
9031,32.0
9032,39.6
9033,33.0
9034,30.4
9035,23.2
9036,32.6
9037,93.8
9038,39.18
9039,16.2
9040,27.0
9041,39.2
9042,28.8
9043,47.6
9044,32.3
9045,18.330000000000002
9046,30.2
9047,25.8
9048,75.4
9049,68.2
9050,21.6
9051,36.4
9052,51.4
9053,37.4
9054,39.0
9055,37.4
9056,33.0
9057,28.4
9058,79.4
9059,60.0
9060,31.0
9061,93.0
9062,34.2
9063,36.0
9064,50.6
9065,62.6
9066,33.0
9067,27.919999999999998
9068,32.739999999999995
9069,23.4
9070,22.56
9071,28.6
9072,23.2
9073,26.6
9074,57.4
9075,32.6
9076,10.080000000000002
9077,29.6
9078,68.0
9079,158.6
9080,36.0
9081,25.96
9082,21.8
9083,27.6
9084,58.4
9085,36.4
9086,41.4
9087,78.2
9088,48.6
9089,28.8
9090,16.8
9091,50.0
9092,36.4
9093,39.6
9094,13.6
9095,95.2
9096,59.4
9097,27.4
9098,29.2
9099,88.0
9100,36.2
9101,25.8
9102,32.2
9103,29.24
9104,27.0
9105,30.8
9106,14.2
9107,46.0
9108,19.1
9109,49.0
9110,27.2
9111,32.6
9112,30.68
9113,25.0
9114,48.6
9115,34.0
9116,25.2
9117,41.0
9118,39.339999999999996
9119,74.0
9120,28.6
9121,74.6
9122,53.6
9123,52.8
9124,40.2
9125,30.8
9126,62.4
9127,21.0
9128,30.0
9129,45.0
9130,43.86
9131,66.8
9132,27.0
9133,50.760000000000005
9134,21.86
9135,25.6
9136,56.5
9137,27.0
9138,54.0
9139,34.8
9140,68.8
9141,24.6
9142,24.2
9143,35.6
9144,33.8
9145,21.6
9146,27.3
9147,29.580000000000002
9148,50.2
9149,22.2
9150,66.8
9151,41.0
9152,13.419999999999998
9153,29.2
9154,17.0
9155,56.660000000000004
9156,26.2
9157,34.6
9158,34.0
9159,37.6
9160,35.0
9161,28.8
9162,28.2
9163,36.4
9164,51.0
9165,21.2
9166,74.0
9167,34.0
9168,57.8
9169,41.12
9170,71.7
9171,22.4
9172,93.0
9173,80.74
9174,101.0
9175,78.8
9176,36.0
9177,85.4
9178,26.6
9179,30.0
9180,36.4
9181,18.2
9182,74.8
9183,24.2
9184,31.6
9185,16.8
9186,42.94
9187,30.0
9188,46.089999999999996
9189,23.4
9190,38.4
9191,57.0
9192,48.6
9193,36.660000000000004
9194,33.6
9195,49.0
9196,39.0
9197,88.4
9198,90.6
9199,34.6
9200,44.2
9201,64.4
9202,55.8
9203,38.8
9204,31.4
9205,14.2
9206,27.4
9207,83.4
9208,66.4
9209,42.2
9210,34.4
9211,38.339999999999996
9212,39.8
9213,94.6
9214,25.080000000000002
9215,32.6
9216,44.6
9217,36.0
9218,36.0
9219,38.6
9220,31.4
9221,22.740000000000002
9222,38.4
9223,65.8
9224,30.8
9225,30.6
9226,21.6
9227,63.6
9228,48.0
9229,72.2
9230,23.8
9231,61.8
9232,35.4
9233,48.2
9234,66.2
9235,31.3
9236,53.0
9237,46.28
9238,33.4
9239,50.6
9240,29.6
9241,23.6
9242,53.4
9243,29.580000000000002
9244,24.94
9245,60.0
9246,37.0
9247,40.8
9248,48.6
9249,56.2
9250,19.6
9251,46.8
9252,30.0
9253,23.2
9254,30.4
9255,36.4
9256,29.2
9257,90.0
9258,56.0
9259,67.0
9260,27.4
9261,63.2
9262,52.8
9263,56.4
9264,50.4
9265,20.2
9266,63.6
9267,43.0
9268,59.6
9269,25.2
9270,24.4
9271,56.4
9272,81.78
9273,20.4
9274,41.0
9275,73.4
9276,65.0
9277,67.26
9278,27.8
9279,57.0
9280,41.68
9281,69.8
9282,62.2
9283,38.2
9284,63.6
9285,30.48
9286,34.4
9287,19.2
9288,90.2
9289,40.6
9290,28.6
9291,24.6
9292,37.4
9293,36.4
9294,64.8
9295,28.6
9296,36.4
9297,22.0
9298,33.6
9299,51.4
9300,21.092000000000002
9301,30.6
9302,30.4
9303,41.6
9304,34.72
9305,22.0
9306,31.0
9307,56.0
9308,107.8
9309,60.2
9310,34.2
9311,25.8
9312,29.8
9313,57.4
9314,36.4
9315,29.2
9316,73.8
9317,28.4
9318,26.0
9319,57.6
9320,30.2
9321,48.85
9322,33.0
9323,22.4
9324,39.2
9325,35.22
9326,33.0
9327,87.8
9328,23.0
9329,30.0
9330,21.092000000000002
9331,30.8
9332,34.0
9333,24.8
9334,32.0
9335,35.4
9336,19.0
9337,34.0
9338,92.8
9339,58.6
9340,88.0
9341,65.8
9342,19.7
9343,36.4
9344,22.54
9345,29.2
9346,31.6
9347,42.042
9348,18.6
9349,34.1
9350,20.6
9351,45.0
9352,37.6
9353,57.0
9354,34.6
9355,33.4
9356,26.3
9357,69.8
9358,23.2
9359,32.2
9360,25.8
9361,26.4
9362,29.8
9363,65.4
9364,26.6
9365,34.6
9366,61.0
9367,70.8
9368,36.4
9369,48.8
9370,49.0
9371,28.6
9372,60.0
9373,80.6
9374,25.8
9375,47.0
9376,21.8
9377,31.6
9378,34.2
9379,29.8
9380,21.6
9381,20.2
9382,58.2
9383,34.6
9384,23.8
9385,86.0
9386,33.2
9387,70.0
9388,46.46
9389,49.6
9390,35.2
9391,36.2
9392,39.0
9393,36.2
9394,42.6
9395,49.0
9396,38.4
9397,36.4
9398,42.06
9399,36.4
9400,64.0
9401,20.2
9402,17.8
9403,26.8
9404,58.2
9405,31.360000000000003
9406,39.6
9407,66.97999999999999
9408,33.4
9409,37.22
9410,22.4
9411,46.2
9412,39.6
9413,30.8
9414,30.2
9415,25.6
9416,25.4
9417,31.2
9418,24.0
9419,32.0
9420,12.66
9421,60.6
9422,37.8
9423,36.4
9424,33.6
9425,18.6
9426,36.4
9427,32.8
9428,67.8
9429,30.6
9430,22.78
9431,25.6
9432,34.480000000000004
9433,45.6
9434,36.4
9435,54.2
9436,30.2
9437,40.2
9438,90.74
9439,36.4
9440,31.0
9441,29.0
9442,25.74
9443,19.3
9444,45.6
9445,14.2
9446,52.9
9447,19.6
9448,28.4
9449,54.2
9450,23.0
9451,51.4
9452,18.6
9453,37.4
9454,31.3
9455,35.6
9456,40.0
9457,23.8
9458,54.2
9459,36.04
9460,16.9
9461,77.4
9462,25.04
9463,25.0
9464,76.2
9465,78.2
9466,36.8
9467,39.2
9468,31.6
9469,42.6
9470,28.8
9471,41.2
9472,34.4
9473,26.1
9474,17.9
9475,57.4
9476,34.94
9477,29.380000000000003
9478,41.6
9479,64.4
9480,37.0
9481,29.4
9482,47.54
9483,34.6
9484,82.4
9485,39.0
9486,29.660000000000004
9487,29.6
9488,36.4
9489,26.0
9490,29.8
9491,44.0
9492,33.0
9493,30.0
9494,36.4
9495,38.4
9496,65.8
9497,64.0
9498,67.0
9499,72.2
9500,75.0
9501,31.8
9502,59.2
9503,28.4
9504,34.4
9505,36.8
9506,38.339999999999996
9507,37.6
9508,37.6
9509,36.4
9510,34.0
9511,30.0
9512,64.0
9513,36.4
9514,34.4
9515,24.4
9516,36.4
9517,57.0
9518,59.2
9519,20.2
9520,92.2
9521,50.18
9522,43.7
9523,24.44
9524,89.6
9525,29.580000000000002
9526,25.82
9527,92.0
9528,75.8
9529,32.8
9530,13.86
9531,80.8
9532,33.0
9533,39.339999999999996
9534,86.0
9535,66.4
9536,37.4
9537,64.0
9538,22.4
9539,34.6
9540,21.0
9541,38.8
9542,23.9
9543,35.0
9544,74.0
9545,30.8
9546,27.6
9547,39.6
9548,82.4
9549,46.6
9550,37.8
9551,58.8
9552,18.4
9553,25.4
9554,34.0
9555,37.4
9556,62.6
9557,84.06
9558,21.2
9559,36.3
9560,38.0
9561,56.4
9562,46.8
9563,65.6
9564,14.059999999999999
9565,39.4
9566,35.3
9567,49.6
9568,24.0
9569,22.2
9570,27.0
9571,74.6
9572,65.2
9573,23.2
9574,31.2
9575,49.0
9576,72.0
9577,25.3
9578,55.0
9579,50.8
9580,20.84
9581,36.4
9582,33.2
9583,36.4
9584,45.0
9585,29.6
9586,33.6
9587,38.739999999999995
9588,45.2
9589,53.8
9590,20.2
9591,19.2
9592,35.22
9593,62.2
9594,36.6
9595,26.360000000000003
9596,29.4
9597,29.4
9598,94.4
9599,121.8
9600,53.0
9601,25.919999999999998
9602,56.0
9603,37.6
9604,25.6
9605,59.0
9606,11.0
9607,51.2
9608,36.0
9609,22.4
9610,31.0
9611,33.8
9612,35.0
9613,27.4
9614,95.8
9615,60.6
9616,67.2
9617,60.8
9618,36.4
9619,60.0
9620,32.8
9621,23.2
9622,79.0
9623,42.0
9624,74.6
9625,77.8
9626,54.2
9627,58.5
9628,68.2
9629,48.0
9630,33.6
9631,24.6
9632,66.6
9633,32.8
9634,68.0
9635,39.6
9636,81.0
9637,93.8
9638,25.2
9639,21.8
9640,20.2
9641,32.0
9642,26.8
9643,36.4
9644,31.4
9645,36.519999999999996
9646,43.56
9647,16.8
9648,21.8
9649,87.8
9650,25.7
9651,42.2
9652,50.2
9653,35.6
9654,37.6
9655,13.5
9656,26.2
9657,118.2
9658,33.4
9659,34.6
9660,30.4
9661,26.6
9662,69.6
9663,61.0
9664,51.2
9665,28.8
9666,36.4
9667,37.0
9668,43.8
9669,33.2
9670,33.6
9671,61.6
9672,37.8
9673,56.2
9674,28.0
9675,44.4
9676,59.2
9677,49.8
9678,47.8
9679,67.8
9680,25.2
9681,95.8
9682,31.8
9683,78.8
9684,44.4
9685,29.2
9686,46.6
9687,36.0
9688,18.240000000000002
9689,35.2
9690,33.8
9691,27.0
9692,52.6
9693,25.8
9694,18.6
9695,57.8
9696,44.06
9697,60.0
9698,32.8
9699,97.2
9700,22.2
9701,27.380000000000003
9702,36.4
9703,29.4
9704,57.4
9705,18.0
9706,20.6
9707,35.8
9708,16.8
9709,31.0
9710,64.0
9711,84.0
9712,28.6
9713,56.0
9714,36.4
9715,25.7
9716,26.360000000000003
9717,34.0
9718,80.0
9719,38.1
9720,42.4
9721,24.6
9722,30.2
9723,28.0
9724,18.580000000000002
9725,25.4
9726,36.2
9727,36.0
9728,25.660000000000004
9729,33.4
9730,40.8
9731,30.0
9732,67.8
9733,48.4
9734,25.7
9735,63.4
9736,21.4
9737,83.0
9738,39.6
9739,74.6
9740,41.9
9741,16.86
9742,36.4
9743,36.4
9744,68.8
9745,59.0
9746,28.4
9747,68.4
9748,37.8
9749,40.0
9750,29.6
9751,49.6
9752,12.66
9753,34.53
9754,53.4
9755,102.54
9756,17.8
9757,29.4
9758,56.0
9759,29.4
9760,33.6
9761,37.6
9762,31.0
9763,61.0
9764,53.2
9765,28.6
9766,93.2
9767,12.66
9768,27.6
9769,38.2
9770,24.84
9771,66.4
9772,36.4
9773,58.2
9774,26.8
9775,41.96
9776,22.2
9777,13.7
9778,26.0
9779,51.4
9780,32.28
9781,49.0
9782,27.2
9783,20.740000000000002
9784,27.0
9785,37.9
9786,42.54
9787,59.4
9788,28.8
9789,27.0
9790,59.4
9791,27.4
9792,42.8
9793,32.2
9794,36.4
9795,72.6
9796,28.0
9797,58.8
9798,35.6
9799,68.6
9800,29.0
9801,28.2
9802,95.4
9803,43.2
9804,16.2
9805,65.0
9806,98.0
9807,21.8
9808,37.8
9809,23.2
9810,15.0
9811,93.8
9812,59.4
9813,23.4
9814,37.6
9815,75.4
9816,36.4
9817,66.6
9818,48.8
9819,37.6
9820,66.6
9821,13.6
9822,37.2
9823,42.6
9824,26.0
9825,62.8
9826,30.8
9827,34.6
9828,25.6
9829,22.2
9830,18.4
9831,27.6
9832,26.2
9833,40.4
9834,29.4
9835,50.6
9836,36.4
9837,25.8
9838,25.6
9839,51.4
9840,48.4
9841,35.6
9842,36.2
9843,22.2
9844,21.8
9845,81.2
9846,45.2
9847,67.2
9848,37.82
9849,37.0
9850,39.0
9851,61.2
9852,39.6
9853,43.0
9854,28.6
9855,63.8
9856,101.6
9857,20.1
9858,37.6
9859,39.8
9860,122.14000000000001
9861,26.8
9862,66.6
9863,58.0
9864,27.6
9865,18.4
9866,16.8
9867,37.2
9868,18.78
9869,25.2
9870,23.6
9871,39.6
9872,31.419999999999998
9873,25.8
9874,48.0
9875,48.0
9876,57.0
9877,67.0
9878,54.2
9879,45.4
9880,29.2
9881,25.0
9882,71.53999999999999
9883,71.0
9884,27.0
9885,29.2
9886,62.2
9887,43.0
9888,59.8
9889,37.6
9890,60.0
9891,20.4
9892,62.8
9893,29.6
9894,43.4
9895,59.4
9896,36.4
9897,36.4
9898,25.0
9899,35.2
9900,23.5
9901,36.4
9902,50.6
9903,48.4
9904,21.4
9905,83.4
9906,18.4
9907,46.0
9908,30.6
9909,62.2
9910,38.0
9911,32.6
9912,93.8
9913,47.0
9914,55.4
9915,59.4
9916,29.580000000000002
9917,55.9
9918,29.68
9919,36.4
9920,27.4
9921,27.2
9922,61.6
9923,26.8
9924,38.4
9925,33.2
9926,34.1
9927,18.119999999999997
9928,62.8
9929,35.6
9930,65.8
9931,72.7
9932,35.4
9933,26.8
9934,88.4
9935,31.6
9936,41.54
9937,45.6
9938,35.6
9939,36.8
9940,20.0
9941,39.8
9942,31.4
9943,54.8
9944,33.92
9945,24.4
9946,55.0
9947,34.6
9948,36.4
9949,36.4
9950,30.4
9951,21.6
9952,47.4
9953,65.8
9954,55.2
9955,36.0
9956,21.0
9957,67.74
9958,88.0
9959,26.0
9960,36.4
9961,24.6
9962,25.4
9963,54.4
9964,31.4
9965,56.0
9966,66.4
9967,19.68
9968,37.64
9969,36.4
9970,84.0
9971,56.0
9972,38.8
9973,30.0
9974,22.8
9975,54.0
9976,48.8
9977,27.6
9978,68.0
9979,46.2
9980,49.2
9981,75.4
9982,37.72
9983,25.0
9984,12.74
9985,27.6
9986,64.8
9987,47.4
9988,65.8
9989,50.6
9990,17.2
9991,37.8
9992,29.8
9993,42.54
9994,39.0
9995,122.8
9996,21.6
9997,62.6
9998,25.2
9999,22.4
10000,34.6
10001,23.4
10002,29.2
10003,29.580000000000002
10004,70.4
10005,36.4
10006,31.4
10007,26.4
10008,53.0
10009,39.4
10010,48.6
10011,35.2
10012,40.6
10013,28.32
10014,29.0
10015,33.2
10016,29.68
10017,65.8
10018,49.0
10019,29.02
10020,26.2
10021,58.8
10022,21.4
10023,48.4
10024,65.0
10025,30.8
10026,67.8
10027,34.4
10028,21.04
10029,54.2
10030,36.0
10031,57.0
10032,47.6
10033,66.8
10034,34.339999999999996
10035,63.6
10036,39.6
10037,26.4
10038,26.6
10039,29.2
10040,35.1
10041,30.6
10042,31.8
10043,19.4
10044,39.8
10045,30.4
10046,16.2
10047,25.4
10048,26.0
10049,26.0
10050,33.8
10051,68.17999999999999
10052,28.6
10053,67.2
10054,49.0
10055,54.2
10056,60.4
10057,36.4
10058,37.0
10059,18.6
10060,34.4
10061,45.86
10062,28.6
10063,38.0
10064,10.559999999999999
10065,59.8
10066,60.379999999999995
10067,58.8
10068,30.2
10069,65.6
10070,49.0
10071,31.160000000000004
10072,39.6
10073,53.6
10074,65.8
10075,20.4
10076,65.4
10077,33.6
10078,21.2
10079,69.8
10080,22.3
10081,129.6
10082,37.6
10083,40.86
10084,48.8
10085,24.4
10086,41.0
10087,17.56
10088,63.8
10089,28.2
10090,32.2
10091,39.6
10092,13.86
10093,20.4
10094,44.4
10095,21.6
10096,23.8
10097,68.8
10098,35.0
10099,36.4
10100,58.760000000000005
10101,31.2
10102,39.7
10103,30.2
10104,24.4
10105,37.4
10106,34.4
10107,65.6
10108,36.4
10109,58.0
10110,21.6
10111,36.4
10112,25.4
10113,35.8
10114,59.6
10115,36.4
10116,41.4
10117,29.8
10118,31.4
10119,16.04
10120,36.4
10121,51.6
10122,70.6
10123,57.2
10124,89.2
10125,50.4
10126,72.22
10127,65.08
10128,61.2
10129,26.6
10130,61.6
10131,35.4
10132,62.0
10133,43.8
10134,38.4
10135,34.442
10136,18.6
10137,50.6
10138,36.0
10139,69.6
10140,23.54
10141,36.4
10142,33.2
10143,31.0
10144,63.0
10145,53.2
10146,26.8
10147,47.6
10148,31.2
10149,41.0
10150,75.2
10151,36.4
10152,105.78
10153,28.0
10154,22.8
10155,55.6
10156,30.4
10157,48.6
10158,30.0
10159,27.2
10160,28.0
10161,80.6
10162,51.96
10163,37.32
10164,60.239999999999995
10165,18.6
10166,74.0
10167,38.0
10168,36.0
10169,24.8
10170,32.1
10171,37.4
10172,30.2
10173,36.4
10174,38.2
10175,49.6
10176,39.2
10177,25.8
10178,30.0
10179,28.4
10180,29.8
10181,44.0
10182,29.8
10183,42.8
10184,79.8
10185,45.2
10186,59.4
10187,46.0
10188,53.0
10189,36.2
10190,36.4
10191,80.0
10192,85.58
10193,94.8
10194,24.5
10195,28.2
10196,34.8
10197,18.3
10198,33.44
10199,41.6
10200,71.6
10201,42.54
10202,25.6
10203,22.6
10204,61.3
10205,76.84
10206,36.4
10207,44.8
10208,38.6
10209,26.0
10210,30.0
10211,67.8
10212,25.8
10213,39.6
10214,58.2
10215,37.4
10216,73.0
10217,29.8
10218,47.4
10219,29.8
10220,37.6
10221,46.0
10222,89.4
10223,58.2
10224,40.6
10225,35.4
10226,16.8
10227,40.0
10228,31.442
10229,39.6
10230,26.6
10231,36.4
10232,36.4
10233,53.0
10234,58.0
10235,24.4
10236,54.6
10237,24.52
10238,18.4
10239,38.339999999999996
10240,56.8
10241,44.6
10242,20.4
10243,60.6
10244,28.660000000000004
10245,42.2
10246,33.2
10247,25.8
10248,46.2
10249,26.4
10250,55.8
10251,70.8
10252,36.4
10253,31.2
10254,43.8
10255,58.0
10256,43.6
10257,35.6
10258,37.6
10259,36.4
10260,37.2
10261,80.0
10262,32.4
10263,19.8
10264,46.2
10265,15.6
10266,26.4
10267,30.0
10268,19.4
10269,37.4
10270,49.4
10271,25.8
10272,44.86
10273,56.2
10274,54.4
10275,27.919999999999998
10276,33.4
10277,75.4
10278,27.4
10279,77.6
10280,26.6
10281,44.642
10282,25.7
10283,46.0
10284,31.2
10285,41.6
10286,40.4
10287,34.6
10288,62.2
10289,33.0
10290,50.2
10291,42.4
10292,27.8
10293,37.0
10294,26.0
10295,52.6
10296,37.4
10297,42.160000000000004
10298,44.2
10299,28.0
10300,36.4
10301,22.6
10302,30.0
10303,36.4
10304,25.8
10305,33.4
10306,54.0
10307,53.2
10308,31.2
10309,67.6
10310,59.4
10311,88.8
10312,79.2
10313,31.2
10314,54.6
10315,14.62
10316,21.6
10317,38.0
10318,41.42
10319,24.1
10320,31.0
10321,29.2
10322,25.8
10323,23.2
10324,57.4
10325,44.7
10326,41.6
10327,34.0
10328,48.8
10329,93.8
10330,34.1
10331,19.1
10332,30.8
10333,18.8
10334,38.28
10335,53.6
10336,39.8
10337,36.0
10338,45.6
10339,68.4
10340,41.9
10341,68.6
10342,40.2
10343,29.2
10344,54.0
10345,64.0
10346,49.6
10347,83.6
10348,15.8
10349,22.2
10350,19.6
10351,60.8
10352,54.4
10353,43.6
10354,27.2
10355,88.4
10356,60.0
10357,40.0
10358,25.4
10359,29.9
10360,21.94
10361,50.0
10362,14.059999999999999
10363,104.2
10364,28.2
10365,72.4
10366,25.0
10367,37.6
10368,60.8
10369,34.1
10370,28.2
10371,35.2
10372,36.4
10373,36.4
10374,30.6
10375,25.22
10376,70.0
10377,47.6
10378,67.0
10379,43.2
10380,26.0
10381,67.8
10382,10.620000000000001
10383,54.6
10384,32.8
10385,59.6
10386,26.4
10387,28.8
10388,37.8
10389,34.6
10390,36.4
10391,92.8
10392,40.4
10393,88.66
10394,58.2
10395,62.0
10396,48.6
10397,25.6
10398,18.8
10399,30.6
10400,25.2
10401,45.8
10402,55.8
10403,12.66
10404,30.0
10405,31.8
10406,37.0
10407,34.6
10408,33.5
10409,44.8
10410,69.4
10411,25.080000000000002
10412,69.0
10413,30.8
10414,13.6
10415,18.4
10416,21.2
10417,21.2
10418,22.78
10419,62.8
10420,34.6
10421,24.4
10422,29.8
10423,28.6
10424,26.0
10425,41.0
10426,116.6
10427,28.4
10428,36.2
10429,19.8
10430,37.6
10431,55.4
10432,46.2
10433,53.4
10434,33.46
10435,22.0
10436,34.4
10437,42.8
10438,27.2
10439,28.2
10440,23.240000000000002
10441,79.0
10442,37.2
10443,37.14
10444,37.4
10445,27.0
10446,40.0
10447,36.220000000000006
10448,39.0
10449,27.6
10450,30.6
10451,38.8
10452,39.0
10453,36.4
10454,31.0
10455,21.0
10456,76.97999999999999
10457,45.6
10458,25.4
10459,60.0
10460,24.8
10461,27.6
10462,40.6
10463,39.96
10464,33.6
10465,57.0
10466,37.6
10467,34.8
10468,31.2
10469,24.6
10470,36.4
10471,61.6
10472,36.4
10473,75.4
10474,48.4
10475,72.4
10476,40.4
10477,36.4
10478,44.0
10479,98.4
10480,35.2
10481,41.28
10482,32.8
10483,53.4
10484,28.2
10485,39.0
10486,25.2
10487,32.4
10488,29.580000000000002
10489,20.6
10490,27.339999999999996
10491,49.6
10492,51.2
10493,62.2
10494,22.4
10495,44.0
10496,39.6
10497,36.4
10498,25.4
10499,31.2
10500,80.2
10501,37.4
10502,12.4
10503,49.0
10504,47.6
10505,75.2
10506,56.8
10507,29.8
10508,49.0
10509,28.4
10510,49.6
10511,71.6
10512,41.6
10513,25.2
10514,57.0
10515,44.0
10516,60.0
10517,36.6
10518,41.4
10519,56.0
10520,41.0
10521,29.060000000000002
10522,59.339999999999996
10523,49.8
10524,67.0
10525,25.3
10526,105.8
10527,28.8
10528,17.619999999999997
10529,36.4
10530,58.8
10531,39.6
10532,46.46
10533,85.6
10534,23.4
10535,24.8
10536,22.6
10537,31.2
10538,32.2
10539,63.6
10540,13.86
10541,54.6
10542,61.0
10543,30.4
10544,61.2
10545,18.44
10546,36.2
10547,21.0
10548,32.3
10549,46.4
10550,29.8
10551,36.4
10552,33.4
10553,54.4
10554,28.74
10555,62.6
10556,32.4
10557,31.0
10558,33.4
10559,30.4
10560,78.8
10561,37.14
10562,37.6
10563,38.4
10564,59.4
10565,31.8
10566,18.4
10567,39.6
10568,28.8
10569,54.8
10570,24.4
10571,50.2
10572,22.8
10573,44.4
10574,48.0
10575,43.0
10576,92.6
10577,65.6
10578,50.8
10579,33.28
10580,31.8
10581,40.6
10582,46.86
10583,36.4
10584,33.4
10585,37.6
10586,57.8
10587,26.8
10588,27.0
10589,31.4
10590,36.0
10591,37.6
10592,271.0
10593,57.8
10594,18.4
10595,46.6
10596,43.4
10597,31.4
10598,27.6
10599,39.0
10600,20.2
10601,24.0
10602,27.0
10603,57.6
10604,30.6
10605,75.4
10606,48.2
10607,36.4
10608,24.6
10609,13.6
10610,35.38
10611,41.6
10612,22.2
10613,32.96
10614,50.6
10615,21.2
10616,55.2
10617,26.6
10618,22.0
10619,18.6
10620,66.6
10621,36.6
10622,36.4
10623,36.260000000000005
10624,37.8
10625,80.0
10626,36.8
10627,34.4
10628,22.6
10629,25.2
10630,26.2
10631,29.2
10632,74.8
10633,30.560000000000002
10634,31.6
10635,48.0
10636,82.0
10637,29.2
10638,23.130000000000003
10639,35.0
10640,30.2
10641,29.4
10642,46.4
10643,44.0
10644,24.0
10645,32.2
10646,25.6
10647,28.2
10648,64.4
10649,32.0
10650,33.6
10651,74.78
10652,43.0
10653,32.0
10654,25.0
10655,45.0
10656,42.2
10657,25.8
10658,16.4
10659,37.6
10660,36.4
10661,69.0
10662,28.4
10663,62.2
10664,23.86
10665,36.4
10666,36.4
10667,66.4
10668,58.6
10669,67.0
10670,35.3
10671,35.6
10672,36.4
10673,39.2
10674,51.0
10675,39.0
10676,59.4
10677,32.6
10678,10.620000000000001
10679,18.84
10680,37.8
10681,52.0
10682,36.4
10683,44.0
10684,28.0
10685,37.2
10686,33.6
10687,26.6
10688,57.0
10689,36.4
10690,18.4
10691,39.4
10692,37.0
10693,33.2
10694,32.4
10695,31.3
10696,53.2
10697,31.8
10698,29.8
10699,127.4
10700,26.0
10701,35.6
10702,22.6
10703,21.2
10704,28.0
10705,63.8
10706,67.2
10707,36.4
10708,33.4
10709,20.2
10710,34.8
10711,71.0
10712,59.0
10713,32.0
10714,27.8
10715,43.324
10716,37.6
10717,47.6
10718,62.2
10719,82.8
10720,23.2
10721,47.2
10722,41.8
10723,95.0
10724,36.6
10725,41.0
10726,41.4
10727,54.6
10728,87.4
10729,76.2
10730,48.2
10731,62.2
10732,39.0
10733,42.1
10734,92.8
10735,31.6
10736,28.98
10737,42.4
10738,53.2
10739,25.8
10740,50.6
10741,27.2
10742,34.6
10743,65.4
10744,43.0
10745,35.8
10746,19.6
10747,47.46
10748,46.6
10749,29.6
10750,28.619999999999997
10751,22.6
10752,40.6
