,id,ibu
0,6000,56.675
1,6001,32.9
2,6002,21.415
3,6003,98.78999999999999
4,6004,32.475
5,6005,13.3
6,6006,75.10999999999999
7,6007,22.235
8,6008,20.384999999999998
9,6009,25.3
10,6010,58.86
11,6011,43.58
12,6012,30.505000000000003
13,6013,35.415
14,6014,49.85
15,6015,59.160000000000004
16,6016,28.7
17,6017,25.375
18,6018,29.65
19,6019,44.55
20,6020,38.25
21,6021,42.05
22,6022,41.365
23,6023,25.28
24,6024,30.705000000000002
25,6025,69.65
26,6026,24.91
27,6027,19.975
28,6028,35.15
29,6029,26.185000000000002
30,6030,36.645
31,6031,24.725
32,6032,23.815
33,6033,31.9
34,6034,31.01
35,6035,39.85
36,6036,32.025
37,6037,66.97999999999999
38,6038,33.025
39,6039,36.4
40,6040,34.225
41,6041,58.7
42,6042,31.040000000000003
43,6043,66.35
44,6044,25.672950000000004
45,6045,28.310000000000002
46,6046,33.08
47,6047,47.15
48,6048,32.165000000000006
49,6049,26.689999999999998
50,6050,62.1
51,6051,27.853299999999997
52,6052,25.825
53,6053,63.335
54,6054,28.155
55,6055,39.75
56,6056,60.175
57,6057,48.260000000000005
58,6058,26.8
59,6059,39.75
60,6060,40.1
61,6061,35.685
62,6062,25.9433
63,6063,42.185
64,6064,32.765
65,6065,25.580000000000002
66,6066,65.85
67,6067,30.060000000000002
68,6068,55.6
69,6069,30.014999999999997
70,6070,25.622500000000002
71,6071,39.85
72,6072,27.6
73,6073,22.079
74,6074,30.625
75,6075,29.935000000000002
76,6076,31.869999999999997
77,6077,27.425
78,6078,67.4
79,6079,27.3
80,6080,41.83
81,6081,65.83
82,6082,69.5
83,6083,33.08
84,6084,36.17
85,6085,22.1
86,6086,37.32
87,6087,37.2
88,6088,41.714999999999996
89,6089,32.03
90,6090,31.875
91,6091,40.635000000000005
92,6092,66.385
93,6093,66.95
94,6094,44.485
95,6095,26.345
96,6096,32.18499999999999
97,6097,30.0
98,6098,37.35
99,6099,25.179
100,6100,25.855
101,6101,37.545
102,6102,37.35
103,6103,27.2
104,6104,44.6
105,6105,22.05
106,6106,59.825
107,6107,38.525
108,6108,48.85
109,6109,39.975
110,6110,39.06
111,6111,29.6
112,6112,81.325
113,6113,43.455
114,6114,65.4
115,6115,27.3
116,6116,67.4
117,6117,31.880000000000003
118,6118,50.260000000000005
119,6119,14.125
120,6120,33.415
121,6121,33.015
122,6122,36.47
123,6123,21.27
124,6124,29.605
125,6125,32.9
126,6126,35.9
127,6127,79.45
128,6128,22.56
129,6129,31.875
130,6130,65.08
131,6131,31.65
132,6132,70.95
133,6133,66.78
134,6134,24.0
135,6135,31.15
136,6136,35.65
137,6137,23.31
138,6138,26.139999999999997
139,6139,25.905
140,6140,49.65
141,6141,39.247
142,6142,32.493
143,6143,26.005000000000003
144,6144,30.275
145,6145,35.535000000000004
146,6146,38.64
147,6147,34.989999999999995
148,6148,66.7
149,6149,30.2
150,6150,31.630000000000003
151,6151,27.2
152,6152,24.95
153,6153,56.35
154,6154,24.4
155,6155,28.410000000000004
156,6156,62.75
157,6157,29.7
158,6158,23.130000000000003
159,6159,68.92999999999999
160,6160,32.135000000000005
161,6161,57.004999999999995
162,6162,31.125
163,6163,59.725
164,6164,52.9
165,6165,68.05499999999999
166,6166,22.564999999999998
167,6167,25.419999999999998
168,6168,26.389999999999997
169,6169,31.175
170,6170,46.435
171,6171,25.994999999999997
172,6172,29.347
173,6173,23.025
174,6174,24.95
175,6175,18.52
176,6176,39.085
177,6177,54.035000000000004
178,6178,36.75
179,6179,67.1
180,6180,42.95
181,6181,81.475
182,6182,86.9
183,6183,39.0
184,6184,63.779999999999994
185,6185,42.55
186,6186,35.61
187,6187,73.55
188,6188,57.475
189,6189,32.375
190,6190,31.2605
191,6191,20.5
192,6192,40.470000000000006
193,6193,41.721000000000004
194,6194,42.15
195,6195,43.8
196,6196,34.7
197,6197,18.86
198,6198,35.045
199,6199,21.59
200,6200,29.65
201,6201,52.705
202,6202,38.117000000000004
203,6203,20.905
204,6204,36.9
205,6205,59.05
206,6206,51.65
207,6207,72.55499999999999
208,6208,35.1
209,6209,63.404999999999994
210,6210,29.439999999999998
211,6211,65.28
212,6212,85.55
213,6213,26.764999999999997
214,6214,52.23
215,6215,50.15
216,6216,23.365
217,6217,90.44
218,6218,37.47
219,6219,88.925
220,6220,14.12
221,6221,61.5
222,6222,38.35
223,6223,38.33
224,6224,57.0
225,6225,21.75
226,6226,26.1
227,6227,22.299999999999997
228,6228,24.29
229,6229,31.22
230,6230,62.720000000000006
231,6231,28.3
232,6232,72.3
233,6233,66.95
234,6234,27.255000000000003
235,6235,32.94
236,6236,49.19500000000001
237,6237,26.655
238,6238,32.75
239,6239,60.05499999999999
240,6240,28.910000000000004
241,6241,12.875
242,6242,33.9
243,6243,40.95
244,6244,22.584
245,6245,33.6
246,6246,31.385
247,6247,29.21
248,6248,48.435
249,6249,32.69
250,6250,30.25
251,6251,12.625
252,6252,26.275
253,6253,74.71000000000001
254,6254,81.625
255,6255,21.145
256,6256,63.45
257,6257,46.205
258,6258,30.619999999999997
259,6259,46.4
260,6260,41.105000000000004
261,6261,23.580000000000002
262,6262,52.95
263,6263,46.0
264,6264,33.05
265,6265,28.95
266,6266,15.99
267,6267,44.146
268,6268,29.214999999999996
269,6269,60.254999999999995
270,6270,65.75
271,6271,80.55
272,6272,32.68
273,6273,73.2
274,6274,24.715
275,6275,64.35
276,6276,50.12
277,6277,34.012
278,6278,37.885000000000005
279,6279,73.97049999999999
280,6280,20.915
281,6281,33.519999999999996
282,6282,27.55
283,6283,31.27
284,6284,31.97
285,6285,31.919999999999998
286,6286,31.85
287,6287,22.25
288,6288,34.15
289,6289,27.55
290,6290,31.54
291,6291,33.605000000000004
292,6292,20.665
293,6293,52.485
294,6294,29.925
295,6295,59.85
296,6296,31.175
297,6297,73.755
298,6298,23.165
299,6299,39.133
300,6300,23.994999999999997
301,6301,26.49
302,6302,44.275
303,6303,28.15
304,6304,92.925
305,6305,62.35
306,6306,48.785000000000004
307,6307,63.515
308,6308,32.57
309,6309,28.43
310,6310,81.065
311,6311,20.2
312,6312,24.39
313,6313,60.6
314,6314,70.7
315,6315,22.95
316,6316,52.71
317,6317,37.469
318,6318,37.910000000000004
319,6319,60.15
320,6320,22.68
321,6321,35.275
322,6322,75.575
323,6323,43.06
324,6324,51.705
325,6325,60.565
326,6326,41.1
327,6327,53.65
328,6328,92.0
329,6329,40.73795
330,6330,39.5
331,6331,34.68
332,6332,64.25
333,6333,54.504999999999995
334,6334,62.265
335,6335,72.15
336,6336,34.3
337,6337,63.35
338,6338,34.455
339,6339,25.405
340,6340,37.665
341,6341,24.015
342,6342,62.11
343,6343,39.45
344,6344,37.75
345,6345,40.214999999999996
346,6346,54.15
347,6347,25.155
348,6348,27.494999999999997
349,6349,24.87
350,6350,26.455000000000002
351,6351,58.25
352,6352,22.630000000000003
353,6353,27.275
354,6354,22.52
355,6355,22.08295
356,6356,29.65
357,6357,32.565
358,6358,81.25
359,6359,71.5
360,6360,84.675
361,6361,39.879999999999995
362,6362,29.1
363,6363,60.904999999999994
364,6364,62.5
365,6365,28.725
366,6366,40.45
367,6367,34.519999999999996
368,6368,32.5
369,6369,32.75
370,6370,37.93
371,6371,26.835
372,6372,52.25
373,6373,40.4
374,6374,32.21
375,6375,63.1
376,6376,31.105
377,6377,42.35
378,6378,75.595
379,6379,25.35
380,6380,54.19500000000001
381,6381,70.85
382,6382,68.25
383,6383,22.86
384,6384,17.85
385,6385,32.535000000000004
386,6386,22.23
387,6387,23.975
388,6388,19.299999999999997
389,6389,35.15
390,6390,37.75
391,6391,36.35
392,6392,47.945
393,6393,31.549
394,6394,32.35
395,6395,28.385
396,6396,32.95
397,6397,36.547000000000004
398,6398,70.1
399,6399,29.3
400,6400,27.435000000000002
401,6401,29.464999999999996
402,6402,28.55
403,6403,32.8
404,6404,56.525
405,6405,31.1
406,6406,30.1
407,6407,39.655
408,6408,59.45
409,6409,28.7
410,6410,28.0
411,6411,26.46
412,6412,30.35
413,6413,63.5
414,6414,27.74
415,6415,40.85
416,6416,56.45
417,6417,26.3
418,6418,58.4
419,6419,93.92999999999999
420,6420,63.33
421,6421,33.92
422,6422,28.98
423,6423,27.5
424,6424,43.25
425,6425,57.864999999999995
426,6426,76.0
427,6427,47.7
428,6428,53.775
429,6429,39.7
430,6430,28.389999999999997
431,6431,22.615
432,6432,66.39500000000001
433,6433,27.95
434,6434,26.825
435,6435,24.65
436,6436,22.725
437,6437,26.5
438,6438,29.35
439,6439,37.295
440,6440,30.55
441,6441,26.27
442,6442,38.92
443,6443,21.57
444,6444,35.055
445,6445,39.65
446,6446,37.910000000000004
447,6447,32.0
448,6448,32.75
449,6449,29.3
450,6450,58.21
451,6451,17.595
452,6452,31.131
453,6453,44.785000000000004
454,6454,26.715000000000003
455,6455,41.185
456,6456,20.97
457,6457,23.31
458,6458,32.98
459,6459,47.1
460,6460,29.93
461,6461,27.8
462,6462,24.860000000000003
463,6463,21.47
464,6464,38.375
465,6465,20.759999999999998
466,6466,12.65
467,6467,38.9
468,6468,28.125
469,6469,31.169999999999998
470,6470,51.725
471,6471,69.85
472,6472,52.9
473,6473,24.628999999999998
474,6474,29.7
475,6475,31.35
476,6476,33.292950000000005
477,6477,62.23
478,6478,35.61
479,6479,28.45
480,6480,21.375
481,6481,33.305
482,6482,20.815
483,6483,23.130000000000003
484,6484,33.14
485,6485,27.23
486,6486,37.95
487,6487,22.895
488,6488,70.7
489,6489,61.459999999999994
490,6490,22.73
491,6491,58.55
492,6492,34.85
493,6493,50.475
494,6494,12.925
495,6495,79.785
496,6496,70.93499999999999
497,6497,26.52295
498,6498,73.75
499,6499,25.855
500,6500,72.8
501,6501,37.07
502,6502,30.6
503,6503,66.065
504,6504,70.99499999999999
505,6505,57.775
506,6506,29.560000000000002
507,6507,70.05
508,6508,29.395
509,6509,34.7
510,6510,92.05
511,6511,39.9
512,6512,30.413999999999998
513,6513,61.1
514,6514,36.4
515,6515,69.8
516,6516,24.71
517,6517,72.05
518,6518,24.435
519,6519,69.725
520,6520,47.85
521,6521,57.7
522,6522,44.44
523,6523,80.3
524,6524,24.645
525,6525,64.2
526,6526,30.1
527,6527,44.55
528,6528,19.875
529,6529,30.985000000000003
530,6530,25.610000000000003
531,6531,63.85
532,6532,38.315
533,6533,22.065
534,6534,30.635
535,6535,22.4
536,6536,27.455000000000002
537,6537,24.3
538,6538,62.15
539,6539,34.3
540,6540,47.15
541,6541,31.880000000000003
542,6542,23.9
543,6543,73.45
544,6544,14.11
545,6545,93.5
546,6546,20.695
547,6547,22.82
548,6548,33.9
549,6549,59.59499999999999
550,6550,72.8
551,6551,71.80499999999999
552,6552,59.665
553,6553,27.325
554,6554,23.0
555,6555,33.96
556,6556,28.05
557,6557,29.295000000000005
558,6558,27.805
559,6559,89.45
560,6560,56.879999999999995
561,6561,43.15
562,6562,48.85
563,6563,38.61
564,6564,29.165
565,6565,89.595
566,6566,55.760000000000005
567,6567,31.55
568,6568,58.025
569,6569,37.55
570,6570,23.455000000000002
571,6571,68.35499999999999
572,6572,69.515
573,6573,29.464999999999996
574,6574,29.7925
575,6575,24.065
576,6576,73.95
577,6577,44.015
578,6578,78.325
579,6579,51.575
580,6580,34.75
581,6581,65.15
582,6582,13.85
583,6583,42.755
584,6584,35.15
585,6585,93.625
586,6586,24.375
587,6587,26.663
588,6588,18.85
589,6589,33.95
590,6590,29.615
591,6591,45.86
592,6592,35.394999999999996
593,6593,33.94
594,6594,39.144999999999996
595,6595,26.635
596,6596,28.51
597,6597,33.88
598,6598,34.480000000000004
599,6599,34.72
600,6600,32.489999999999995
601,6601,20.69
602,6602,23.75
603,6603,40.18
604,6604,65.69
605,6605,26.314999999999998
606,6606,45.13
607,6607,36.22
608,6608,23.325
609,6609,23.485
610,6610,12.65
611,6611,20.975
612,6612,58.7
613,6613,24.305
614,6614,26.15
615,6615,28.9625
616,6616,30.7
617,6617,34.885000000000005
618,6618,43.964999999999996
619,6619,25.73
620,6620,61.36
621,6621,30.475
622,6622,28.04
623,6623,50.730000000000004
624,6624,21.2
625,6625,23.155
626,6626,49.63
627,6627,28.244999999999997
628,6628,40.985
629,6629,31.05
630,6630,33.885000000000005
631,6631,42.82
632,6632,60.9
633,6633,47.82
634,6634,62.65
635,6635,60.85
636,6636,65.125
637,6637,38.6
638,6638,26.095
639,6639,25.365000000000002
640,6640,20.255000000000003
641,6641,37.86
642,6642,23.35
643,6643,29.15
644,6644,24.41
645,6645,26.65
646,6646,50.839999999999996
647,6647,75.5
648,6648,64.95
649,6649,26.22
650,6650,64.3
651,6651,37.82
652,6652,39.25
653,6653,14.385
654,6654,31.5
655,6655,42.4
656,6656,50.3725
657,6657,23.380000000000003
658,6658,43.25
659,6659,20.505000000000003
660,6660,74.14
661,6661,24.7875
662,6662,54.1
663,6663,38.75
664,6664,40.405
665,6665,21.825
666,6666,65.4
667,6667,12.8
668,6668,28.9
669,6669,89.4
670,6670,27.610000000000003
671,6671,33.625
672,6672,21.95
673,6673,25.5
674,6674,68.05
675,6675,35.85
676,6676,18.86
677,6677,28.560000000000002
678,6678,30.390000000000004
679,6679,33.11
680,6680,23.415
681,6681,23.119999999999997
682,6682,30.869999999999997
683,6683,29.28
684,6684,62.225
685,6685,75.47
686,6686,43.129999999999995
687,6687,36.17
688,6688,30.085
689,6689,29.830000000000002
690,6690,22.4
691,6691,41.61
692,6692,32.0
693,6693,71.05
694,6694,30.294999999999998
695,6695,33.7
696,6696,25.15
697,6697,35.435
698,6698,67.32000000000001
699,6699,20.715
700,6700,21.67
701,6701,42.05
702,6702,58.175
703,6703,61.9
704,6704,63.35
705,6705,29.255000000000003
706,6706,25.485
707,6707,29.605
708,6708,41.445
709,6709,33.494
710,6710,36.485
711,6711,65.75
712,6712,30.325
713,6713,27.55
714,6714,70.7
715,6715,55.11
716,6716,31.425
717,6717,52.010000000000005
718,6718,18.75
719,6719,25.21
720,6720,31.135
721,6721,70.75500000000001
722,6722,63.5
723,6723,43.4
724,6724,31.725
725,6725,40.864999999999995
726,6726,34.4
727,6727,25.825
728,6728,31.225
729,6729,27.942950000000003
730,6730,28.189999999999998
731,6731,27.549
732,6732,34.475
733,6733,65.7
734,6734,75.6
735,6735,24.044999999999998
736,6736,37.515
737,6737,77.12049999999999
738,6738,19.705000000000002
739,6739,51.855
740,6740,25.325
741,6741,21.445
742,6742,19.9
743,6743,23.66
744,6744,34.45
745,6745,33.4
746,6746,32.015
747,6747,36.45
748,6748,30.2
749,6749,39.87
750,6750,26.5
751,6751,54.48
752,6752,35.25
753,6753,21.46
754,6754,32.75
755,6755,64.7
756,6756,32.95
757,6757,24.41
758,6758,27.75
759,6759,61.2
760,6760,74.42999999999999
761,6761,34.11
762,6762,86.41
763,6763,60.24499999999999
764,6764,23.2
765,6765,43.760000000000005
766,6766,25.52
767,6767,38.35
768,6768,52.625
769,6769,43.0755
770,6770,54.55
771,6771,70.3
772,6772,24.95
773,6773,23.264
774,6774,34.335
775,6775,59.595000000000006
776,6776,33.9
777,6777,29.73
778,6778,48.269999999999996
779,6779,44.325
780,6780,44.394999999999996
781,6781,21.185000000000002
782,6782,63.55
783,6783,44.565
784,6784,22.814999999999998
785,6785,25.015
786,6786,30.125
787,6787,26.660000000000004
788,6788,35.385000000000005
789,6789,13.9
790,6790,23.825
791,6791,18.85
792,6792,31.725
793,6793,72.65
794,6794,27.2
795,6795,37.625
796,6796,35.825
797,6797,30.605
798,6798,29.1
799,6799,33.485
800,6800,39.6275
801,6801,31.175
802,6802,22.65
803,6803,33.58
804,6804,55.795
805,6805,38.905
806,6806,69.2
807,6807,41.114999999999995
808,6808,72.65
809,6809,49.45
810,6810,81.745
811,6811,24.695
812,6812,31.830000000000002
813,6813,27.3
814,6814,22.36
815,6815,41.25
816,6816,49.65
817,6817,45.154999999999994
818,6818,33.905
819,6819,37.71
820,6820,55.4
821,6821,25.315
822,6822,28.875
823,6823,35.2
824,6824,13.575
825,6825,25.85
826,6826,30.945
827,6827,30.610000000000003
828,6828,89.53999999999999
829,6829,38.3
830,6830,30.005000000000003
831,6831,21.43
832,6832,22.78295
833,6833,27.75
834,6834,79.55
835,6835,19.6
836,6836,66.35
837,6837,90.2
838,6838,63.6
839,6839,33.060500000000005
840,6840,75.025
841,6841,16.7
842,6842,66.25
843,6843,30.125
844,6844,26.810000000000002
845,6845,29.964999999999996
846,6846,76.05
847,6847,19.47
848,6848,28.53
849,6849,35.894999999999996
850,6850,37.925
851,6851,34.25
852,6852,22.619999999999997
853,6853,33.85
854,6854,31.425
855,6855,27.85
856,6856,48.815
857,6857,34.705
858,6858,46.510000000000005
859,6859,37.115
860,6860,28.744999999999997
861,6861,36.27
862,6862,22.45
863,6863,30.8
864,6864,21.705000000000002
865,6865,98.39500000000001
866,6866,31.78
867,6867,32.525
868,6868,31.325
869,6869,51.535000000000004
870,6870,31.025
871,6871,39.475
872,6872,31.104999999999997
873,6873,39.55
874,6874,33.4
875,6875,32.17999999999999
876,6876,72.595
877,6877,79.4
878,6878,27.24
879,6879,41.12
880,6880,26.5
881,6881,23.32
882,6882,32.8
883,6883,24.235
884,6884,59.475
885,6885,68.05
886,6886,34.480000000000004
887,6887,58.875
888,6888,63.85
889,6889,29.830000000000002
890,6890,23.325
891,6891,32.35
892,6892,55.6
893,6893,42.25
894,6894,76.33
895,6895,37.175
896,6896,24.23
897,6897,28.75
898,6898,61.605
899,6899,25.085
900,6900,44.36
901,6901,34.325
902,6902,25.639999999999997
903,6903,33.544999999999995
904,6904,36.25
905,6905,27.15
906,6906,40.25
907,6907,40.05
908,6908,35.525
909,6909,22.035
910,6910,42.8505
911,6911,33.285
912,6912,55.21
913,6913,14.495
914,6914,39.28
915,6915,25.955000000000002
916,6916,67.03
917,6917,27.55
918,6918,27.084999999999997
919,6919,98.595
920,6920,32.67
921,6921,82.475
922,6922,94.235
923,6923,28.255000000000003
924,6924,42.5
925,6925,70.9
926,6926,66.23499999999999
927,6927,91.7
928,6928,23.1
929,6929,28.389999999999997
930,6930,44.375
931,6931,52.3
932,6932,68.83500000000001
933,6933,67.4
934,6934,28.519999999999992
935,6935,87.7
936,6936,59.4
937,6937,38.35
938,6938,47.25
939,6939,30.75
940,6940,45.325
941,6941,22.57
942,6942,16.485
943,6943,28.205000000000002
944,6944,71.85
945,6945,28.25
946,6946,34.730000000000004
947,6947,27.895
948,6948,40.85
949,6949,62.5
950,6950,31.919999999999998
951,6951,23.44
952,6952,31.9
953,6953,100.875
954,6954,22.19
955,6955,45.56
956,6956,23.005000000000003
957,6957,39.38
958,6958,32.125
959,6959,36.785000000000004
960,6960,40.0925
961,6961,23.625
962,6962,29.05
963,6963,23.814999999999998
964,6964,22.945
965,6965,22.20795
966,6966,25.25
967,6967,33.765
968,6968,31.35
969,6969,36.58
970,6970,27.855
971,6971,27.785000000000004
972,6972,43.714999999999996
973,6973,33.65
974,6974,23.880000000000003
975,6975,24.0
976,6976,81.0205
977,6977,28.1
978,6978,24.015
979,6979,25.585
980,6980,24.15
981,6981,25.015
982,6982,24.35
983,6983,25.09
984,6984,30.455000000000002
985,6985,30.080000000000002
986,6986,34.85
987,6987,23.86
988,6988,38.53
989,6989,26.25
990,6990,37.025
991,6991,52.56
992,6992,28.01
993,6993,65.69500000000001
994,6994,44.269999999999996
995,6995,84.3
996,6996,26.9
997,6997,63.6
998,6998,25.605
999,6999,34.502950000000006
1000,7000,62.2
1001,7001,32.35
1002,7002,31.15
1003,7003,27.865
1004,7004,26.235000000000003
1005,7005,29.085
1006,7006,36.4
1007,7007,21.655
1008,7008,30.880000000000003
1009,7009,37.385000000000005
1010,7010,27.025
1011,7011,47.717
1012,7012,24.275
1013,7013,30.45
1014,7014,36.795
1015,7015,41.755
1016,7016,39.230000000000004
1017,7017,69.35
1018,7018,29.4
1019,7019,35.35
1020,7020,36.4
1021,7021,29.104999999999997
1022,7022,20.09
1023,7023,38.475
1024,7024,36.625
1025,7025,39.9
1026,7026,18.154999999999998
1027,7027,42.93
1028,7028,35.705
1029,7029,30.325
1030,7030,55.42999999999999
1031,7031,36.505
1032,7032,48.85
1033,7033,33.71
1034,7034,33.85
1035,7035,34.6
1036,7036,25.36
1037,7037,54.25
1038,7038,31.4865
1039,7039,24.85
1040,7040,86.14
1041,7041,36.0
1042,7042,26.415
1043,7043,30.42795
1044,7044,56.285000000000004
1045,7045,33.37
1046,7046,37.589999999999996
1047,7047,62.35
1048,7048,36.81
1049,7049,68.28
1050,7050,21.705000000000002
1051,7051,69.29499999999999
1052,7052,78.0
1053,7053,42.85
1054,7054,35.055
1055,7055,25.0
1056,7056,27.689999999999998
1057,7057,40.475
1058,7058,28.7
1059,7059,32.11
1060,7060,24.595
1061,7061,22.205000000000002
1062,7062,24.705000000000002
1063,7063,18.35
1064,7064,38.325
1065,7065,28.044999999999998
1066,7066,41.2
1067,7067,56.5
1068,7068,29.55
1069,7069,22.514999999999997
1070,7070,49.95
1071,7071,25.249000000000002
1072,7072,34.685
1073,7073,49.629
1074,7074,37.545
1075,7075,30.355
1076,7076,30.555
1077,7077,69.8
1078,7078,12.625
1079,7079,73.03
1080,7080,29.55
1081,7081,24.715
1082,7082,23.0
1083,7083,24.15
1084,7084,31.415
1085,7085,36.175
1086,7086,37.695
1087,7087,51.995000000000005
1088,7088,53.25
1089,7089,66.8
1090,7090,63.45
1091,7091,20.875
1092,7092,28.453300000000002
1093,7093,29.655
1094,7094,24.825
1095,7095,42.65
1096,7096,25.775
1097,7097,50.765
1098,7098,29.625
1099,7099,36.708
1100,7100,44.2425
1101,7101,62.69
1102,7102,44.035000000000004
1103,7103,29.625
1104,7104,26.275
1105,7105,15.775
1106,7106,45.4
1107,7107,27.945
1108,7108,23.825
1109,7109,25.330000000000002
1110,7110,42.3
1111,7111,33.2
1112,7112,18.839999999999996
1113,7113,39.785000000000004
1114,7114,34.714999999999996
1115,7115,23.33295
1116,7116,86.325
1117,7117,28.25
1118,7118,92.92
1119,7119,20.425
1120,7120,52.8
1121,7121,32.5
1122,7122,27.2
1123,7123,27.98
1124,7124,36.15
1125,7125,25.85
1126,7126,49.0
1127,7127,28.960500000000003
1128,7128,47.15
1129,7129,27.03
1130,7130,30.610000000000003
1131,7131,41.25
1132,7132,32.06
1133,7133,22.25
1134,7134,70.375
1135,7135,39.019999999999996
1136,7136,33.1
1137,7137,20.255000000000003
1138,7138,33.9
1139,7139,55.075
1140,7140,33.33
1141,7141,91.385
1142,7142,38.05
1143,7143,44.05
1144,7144,25.3
1145,7145,24.55
1146,7146,32.705
1147,7147,66.685
1148,7148,30.345
1149,7149,54.05
1150,7150,54.7
1151,7151,67.2
1152,7152,86.03999999999999
1153,7153,32.269999999999996
1154,7154,30.85
1155,7155,32.68
1156,7156,71.67
1157,7157,20.205000000000002
1158,7158,53.379999999999995
1159,7159,48.005
1160,7160,45.3
1161,7161,27.253300000000003
1162,7162,27.9
1163,7163,30.1
1164,7164,29.005000000000003
1165,7165,32.375
1166,7166,38.114999999999995
1167,7167,22.535
1168,7168,40.775
1169,7169,37.43
1170,7170,65.4
1171,7171,33.11
1172,7172,31.2
1173,7173,33.7
1174,7174,27.933
1175,7175,65.65
1176,7176,43.395
1177,7177,36.3
1178,7178,36.455
1179,7179,47.65
1180,7180,28.5
1181,7181,23.080000000000002
1182,7182,38.385000000000005
1183,7183,32.575
1184,7184,22.035
1185,7185,34.015
1186,7186,40.95
1187,7187,36.45
1188,7188,52.55
1189,7189,24.65
1190,7190,35.815999999999995
1191,7191,39.053000000000004
1192,7192,20.35
1193,7193,36.504999999999995
1194,7194,30.65
1195,7195,29.685000000000002
1196,7196,40.605000000000004
1197,7197,63.1
1198,7198,37.6
1199,7199,40.055
1200,7200,32.989999999999995
1201,7201,24.185
1202,7202,80.91499999999999
1203,7203,19.78
1204,7204,32.05
1205,7205,38.06699999999999
1206,7206,35.37
1207,7207,40.42
1208,7208,35.296
1209,7209,22.22
1210,7210,31.389999999999997
1211,7211,29.860000000000003
1212,7212,25.45
1213,7213,54.05
1214,7214,16.7
1215,7215,34.71
1216,7216,47.825
1217,7217,23.93
1218,7218,22.275
1219,7219,34.9
1220,7220,36.5
1221,7221,54.25
1222,7222,31.27
1223,7223,62.9
1224,7224,50.95
1225,7225,32.9
1226,7226,25.25795
1227,7227,13.675
1228,7228,42.6
1229,7229,41.935
1230,7230,37.85
1231,7231,81.45
1232,7232,33.69
1233,7233,35.75
1234,7234,18.355
1235,7235,21.509999999999998
1236,7236,24.75
1237,7237,24.975
1238,7238,30.2
1239,7239,76.275
1240,7240,75.345
1241,7241,31.625
1242,7242,34.2
1243,7243,29.3
1244,7244,30.525
1245,7245,24.315
1246,7246,40.75
1247,7247,52.57000000000001
1248,7248,12.725
1249,7249,67.57000000000001
1250,7250,48.65
1251,7251,25.025
1252,7252,40.55
1253,7253,32.364999999999995
1254,7254,25.3
1255,7255,34.08
1256,7256,37.075
1257,7257,22.365000000000002
1258,7258,30.2
1259,7259,77.64
1260,7260,29.899
1261,7261,22.39
1262,7262,23.75
1263,7263,47.135000000000005
1264,7264,86.78
1265,7265,24.625
1266,7266,24.705000000000002
1267,7267,19.855
1268,7268,72.95
1269,7269,29.909999999999997
1270,7270,34.769999999999996
1271,7271,43.31
1272,7272,41.35
1273,7273,73.9
1274,7274,23.95
1275,7275,28.845
1276,7276,24.6475
1277,7277,22.425
1278,7278,31.0
1279,7279,66.85
1280,7280,28.73
1281,7281,35.125
1282,7282,22.7375
1283,7283,33.410000000000004
1284,7284,35.8
1285,7285,26.5
1286,7286,21.4
1287,7287,31.185000000000002
1288,7288,56.105
1289,7289,41.089999999999996
1290,7290,34.525
1291,7291,23.669999999999998
1292,7292,25.43
1293,7293,82.045
1294,7294,38.43
1295,7295,41.08794999999999
1296,7296,16.7
1297,7297,29.95
1298,7298,20.835
1299,7299,35.225
1300,7300,26.23
1301,7301,67.55
1302,7302,29.610000000000003
1303,7303,22.4
1304,7304,32.05
1305,7305,22.065
1306,7306,87.56
1307,7307,36.375
1308,7308,30.8
1309,7309,41.15
1310,7310,33.13
1311,7311,33.660000000000004
1312,7312,39.211
1313,7313,48.78
1314,7314,35.730000000000004
1315,7315,44.144999999999996
1316,7316,23.9
1317,7317,23.79
1318,7318,17.335
1319,7319,68.15
1320,7320,37.760000000000005
1321,7321,69.52000000000001
1322,7322,65.3
1323,7323,27.325
1324,7324,29.579999999999995
1325,7325,58.470000000000006
1326,7326,70.65
1327,7327,89.33500000000001
1328,7328,20.575
1329,7329,50.28
1330,7330,72.4
1331,7331,43.83
1332,7332,60.7
1333,7333,19.880000000000003
1334,7334,44.75
1335,7335,86.55
1336,7336,25.172949999999997
1337,7337,20.5
1338,7338,36.255
1339,7339,23.465
1340,7340,65.7
1341,7341,64.575
1342,7342,26.95
1343,7343,35.861000000000004
1344,7344,74.4
1345,7345,28.275
1346,7346,74.27000000000001
1347,7347,40.55
1348,7348,21.02
1349,7349,32.55
1350,7350,54.93499999999999
1351,7351,25.45
1352,7352,51.565
1353,7353,43.325
1354,7354,30.794999999999998
1355,7355,22.5
1356,7356,29.625
1357,7357,36.9
1358,7358,67.15
1359,7359,39.485
1360,7360,46.7
1361,7361,23.3825
1362,7362,23.95
1363,7363,28.425
1364,7364,60.45
1365,7365,21.445
1366,7366,34.11
1367,7367,38.925
1368,7368,33.269999999999996
1369,7369,60.154999999999994
1370,7370,28.689999999999998
1371,7371,28.525
1372,7372,72.85
1373,7373,36.019999999999996
1374,7374,40.63
1375,7375,23.15
1376,7376,39.155
1377,7377,32.045
1378,7378,44.4825
1379,7379,27.8
1380,7380,27.85
1381,7381,60.9
1382,7382,47.714999999999996
1383,7383,23.98
1384,7384,35.6
1385,7385,20.154999999999998
1386,7386,31.49
1387,7387,56.9
1388,7388,24.575
1389,7389,52.7
1390,7390,30.385
1391,7391,67.17999999999999
1392,7392,21.4
1393,7393,78.51
1394,7394,37.22
1395,7395,31.625
1396,7396,25.85
1397,7397,24.825
1398,7398,54.65
1399,7399,31.75
1400,7400,29.035000000000004
1401,7401,25.375
1402,7402,36.28
1403,7403,36.05
1404,7404,70.2
1405,7405,73.2
1406,7406,36.904999999999994
1407,7407,23.655
1408,7408,39.6
1409,7409,67.5
1410,7410,62.004999999999995
1411,7411,42.45
1412,7412,50.85
1413,7413,30.855
1414,7414,73.2
1415,7415,40.35
1416,7416,29.15
1417,7417,66.8
1418,7418,44.36
1419,7419,24.94
1420,7420,28.369999999999997
1421,7421,42.335
1422,7422,20.915
1423,7423,71.765
1424,7424,24.95
1425,7425,65.2
1426,7426,48.675
1427,7427,33.62
1428,7428,26.275
1429,7429,33.643
1430,7430,61.55
1431,7431,35.57
1432,7432,26.7
1433,7433,29.964999999999996
1434,7434,25.025
1435,7435,51.95
1436,7436,30.035000000000004
1437,7437,22.669999999999998
1438,7438,24.567500000000003
1439,7439,58.160000000000004
1440,7440,26.46
1441,7441,75.08
1442,7442,56.235
1443,7443,28.735000000000003
1444,7444,51.125
1445,7445,59.955
1446,7446,69.15
1447,7447,69.225
1448,7448,27.875
1449,7449,25.39
1450,7450,35.175
1451,7451,13.575
1452,7452,32.77
1453,7453,47.95
1454,7454,51.35
1455,7455,42.12
1456,7456,24.225
1457,7457,36.5
1458,7458,81.275
1459,7459,12.85
1460,7460,30.82
1461,7461,20.905
1462,7462,25.714999999999996
1463,7463,27.183
1464,7464,35.46
1465,7465,31.670000000000005
1466,7466,25.99
1467,7467,24.99295
1468,7468,57.845000000000006
1469,7469,53.895
1470,7470,30.369
1471,7471,71.45
1472,7472,29.169999999999998
1473,7473,29.18
1474,7474,72.3
1475,7475,28.05
1476,7476,81.45
1477,7477,24.865000000000002
1478,7478,57.4
1479,7479,60.45
1480,7480,48.845
1481,7481,21.259999999999998
1482,7482,44.15
1483,7483,37.125
1484,7484,61.9
1485,7485,22.785
1486,7486,21.55
1487,7487,41.205
1488,7488,37.375
1489,7489,32.230000000000004
1490,7490,50.95
1491,7491,16.3
1492,7492,24.9
1493,7493,22.4
1494,7494,36.3
1495,7495,31.6
1496,7496,91.875
1497,7497,70.22
1498,7498,40.64
1499,7499,28.785000000000004
1500,7500,27.2
1501,7501,25.9
1502,7502,69.0
1503,7503,22.835
1504,7504,22.075
1505,7505,24.005000000000003
1506,7506,23.825
1507,7507,64.58
1508,7508,33.519999999999996
1509,7509,45.22
1510,7510,26.1
1511,7511,40.95
1512,7512,34.875
1513,7513,23.225
1514,7514,38.455
1515,7515,39.7
1516,7516,86.9
1517,7517,18.880000000000003
1518,7518,21.854999999999997
1519,7519,56.275
1520,7520,57.6
1521,7521,24.355
1522,7522,25.5
1523,7523,34.29
1524,7524,59.455
1525,7525,67.05
1526,7526,32.96
1527,7527,41.765
1528,7528,79.7
1529,7529,32.57
1530,7530,35.925
1531,7531,65.5
1532,7532,31.74
1533,7533,20.865
1534,7534,19.63
1535,7535,29.292949999999998
1536,7536,57.65
1537,7537,46.15
1538,7538,62.1
1539,7539,33.4
1540,7540,25.733999999999998
1541,7541,24.925
1542,7542,70.795
1543,7543,63.55499999999999
1544,7544,27.625
1545,7545,30.595
1546,7546,34.339999999999996
1547,7547,43.0
1548,7548,50.25
1549,7549,103.35
1550,7550,34.810500000000005
1551,7551,51.1
1552,7552,26.8
1553,7553,27.264999999999997
1554,7554,24.815
1555,7555,48.695
1556,7556,33.36
1557,7557,60.129999999999995
1558,7558,67.735
1559,7559,19.46
1560,7560,54.915
1561,7561,57.279999999999994
1562,7562,72.57000000000001
1563,7563,31.5
1564,7564,33.25
1565,7565,55.17999999999999
1566,7566,45.725
1567,7567,33.55
1568,7568,33.925
1569,7569,27.160000000000004
1570,7570,25.580000000000002
1571,7571,67.78
1572,7572,44.92
1573,7573,31.0
1574,7574,63.77
1575,7575,23.55
1576,7576,14.995
1577,7577,40.5
1578,7578,81.45
1579,7579,34.58
1580,7580,32.15
1581,7581,19.905
1582,7582,64.75
1583,7583,32.6
1584,7584,57.660000000000004
1585,7585,42.555
1586,7586,52.879999999999995
1587,7587,60.515
1588,7588,29.055
1589,7589,60.25
1590,7590,33.405
1591,7591,38.25
1592,7592,41.61
1593,7593,26.15
1594,7594,31.805
1595,7595,29.305
1596,7596,27.665
1597,7597,29.57
1598,7598,33.025
1599,7599,36.25
1600,7600,55.45
1601,7601,41.410000000000004
1602,7602,49.7
1603,7603,20.95
1604,7604,31.575
1605,7605,33.925
1606,7606,71.35
1607,7607,44.8
1608,7608,48.910000000000004
1609,7609,45.45
1610,7610,39.05
1611,7611,27.4
1612,7612,45.015
1613,7613,27.235000000000003
1614,7614,30.943
1615,7615,30.775
1616,7616,33.85
1617,7617,29.05
1618,7618,71.64500000000001
1619,7619,68.42999999999999
1620,7620,32.25
1621,7621,48.114999999999995
1622,7622,34.85
1623,7623,65.67999999999999
1624,7624,58.05
1625,7625,22.804000000000002
1626,7626,28.425
1627,7627,23.855
1628,7628,27.735000000000003
1629,7629,41.025
1630,7630,56.910000000000004
1631,7631,49.2
1632,7632,13.62
1633,7633,31.225
1634,7634,29.555
1635,7635,51.339999999999996
1636,7636,117.15
1637,7637,58.75
1638,7638,61.9
1639,7639,31.575
1640,7640,20.64
1641,7641,35.45
1642,7642,31.125
1643,7643,58.85
1644,7644,24.185
1645,7645,67.135
1646,7646,29.294999999999998
1647,7647,31.15
1648,7648,29.645
1649,7649,26.45
1650,7650,33.235
1651,7651,33.65
1652,7652,68.185
1653,7653,26.994999999999997
1654,7654,26.403
1655,7655,44.95
1656,7656,29.95
1657,7657,43.415
1658,7658,34.375
1659,7659,21.57
1660,7660,33.435
1661,7661,26.8
1662,7662,27.145
1663,7663,65.6
1664,7664,22.15
1665,7665,31.785000000000004
1666,7666,94.995
1667,7667,35.35
1668,7668,84.33500000000001
1669,7669,30.110500000000002
1670,7670,62.1
1671,7671,26.485000000000003
1672,7672,65.725
1673,7673,40.5385
1674,7674,38.475
1675,7675,72.19500000000001
1676,7676,25.9
1677,7677,55.9
1678,7678,30.895
1679,7679,94.55
1680,7680,70.35
1681,7681,26.1
1682,7682,73.8
1683,7683,22.642500000000002
1684,7684,37.31
1685,7685,51.2
1686,7686,31.910000000000004
1687,7687,67.60499999999999
1688,7688,33.25
1689,7689,26.330000000000002
1690,7690,67.185
1691,7691,24.115000000000002
1692,7692,58.15
1693,7693,76.35
1694,7694,27.4
1695,7695,62.02
1696,7696,57.29
1697,7697,35.55
1698,7698,35.43
1699,7699,37.85
1700,7700,66.4
1701,7701,36.3
1702,7702,88.85
1703,7703,51.964999999999996
1704,7704,26.85
1705,7705,30.05
1706,7706,64.1
1707,7707,33.81
1708,7708,31.645
1709,7709,72.005
1710,7710,22.925
1711,7711,22.95
1712,7712,21.33
1713,7713,27.855
1714,7714,31.309999999999995
1715,7715,70.595
1716,7716,40.545
1717,7717,33.55
1718,7718,35.05
1719,7719,42.515
1720,7720,93.435
1721,7721,38.45
1722,7722,59.15
1723,7723,19.775
1724,7724,29.35
1725,7725,41.095000000000006
1726,7726,39.660999999999994
1727,7727,36.75
1728,7728,26.830000000000002
1729,7729,80.873
1730,7730,28.55
1731,7731,23.65
1732,7732,26.919999999999998
1733,7733,28.03
1734,7734,20.744999999999997
1735,7735,46.235
1736,7736,30.835
1737,7737,32.675
1738,7738,32.075
1739,7739,32.33
1740,7740,32.38
1741,7741,45.285000000000004
1742,7742,47.873
1743,7743,58.05
1744,7744,58.725
1745,7745,40.0
1746,7746,37.575
1747,7747,22.95
1748,7748,32.675
1749,7749,35.17
1750,7750,83.4
1751,7751,23.835
1752,7752,38.34
1753,7753,67.11999999999999
1754,7754,33.85
1755,7755,24.985
1756,7756,25.895
1757,7757,28.7
1758,7758,34.5533
1759,7759,62.154999999999994
1760,7760,67.075
1761,7761,22.784
1762,7762,43.15
1763,7763,76.61
1764,7764,47.455
1765,7765,39.9
1766,7766,33.925
1767,7767,26.3
1768,7768,25.1
1769,7769,82.125
1770,7770,29.985000000000003
1771,7771,35.925
1772,7772,49.5
1773,7773,63.915
1774,7774,50.6
1775,7775,34.3625
1776,7776,26.525
1777,7777,55.85
1778,7778,32.9
1779,7779,37.0
1780,7780,35.475
1781,7781,26.875
1782,7782,37.85
1783,7783,60.879999999999995
1784,7784,21.55
1785,7785,25.655
1786,7786,46.61
1787,7787,46.85
1788,7788,51.435
1789,7789,31.28
1790,7790,53.129999999999995
1791,7791,28.425
1792,7792,34.785000000000004
1793,7793,65.765
1794,7794,69.91
1795,7795,33.4625
1796,7796,62.25
1797,7797,22.119999999999997
1798,7798,67.21000000000001
1799,7799,80.65
1800,7800,29.485000000000003
1801,7801,38.15
1802,7802,50.660000000000004
1803,7803,31.475
1804,7804,27.055
1805,7805,30.3105
1806,7806,31.095
1807,7807,67.9
1808,7808,26.135
1809,7809,45.0
1810,7810,57.48
1811,7811,66.285
1812,7812,30.51
1813,7813,31.76
1814,7814,54.504999999999995
1815,7815,57.4
1816,7816,28.85
1817,7817,67.85
1818,7818,56.114999999999995
1819,7819,66.1
1820,7820,58.8
1821,7821,25.325
1822,7822,35.95
1823,7823,41.765
1824,7824,26.15
1825,7825,27.964999999999996
1826,7826,69.5
1827,7827,32.094
1828,7828,65.2
1829,7829,33.55
1830,7830,26.534
1831,7831,42.6
1832,7832,24.075
1833,7833,61.46
1834,7834,29.35
1835,7835,30.425
1836,7836,36.285000000000004
1837,7837,36.245
1838,7838,31.165
1839,7839,27.48
1840,7840,67.8
1841,7841,24.05
1842,7842,28.985000000000003
1843,7843,25.8
1844,7844,41.1
1845,7845,46.925
1846,7846,36.089999999999996
1847,7847,24.2
1848,7848,45.65
1849,7849,27.910000000000004
1850,7850,87.99
1851,7851,31.4
1852,7852,40.135000000000005
1853,7853,40.6
1854,7854,77.845
1855,7855,73.755
1856,7856,23.240000000000002
1857,7857,48.644999999999996
1858,7858,48.45
1859,7859,25.130000000000003
1860,7860,21.905
1861,7861,39.9
1862,7862,65.115
1863,7863,50.25
1864,7864,35.769999999999996
1865,7865,63.129999999999995
1866,7866,41.575
1867,7867,24.2
1868,7868,22.115000000000002
1869,7869,39.275
1870,7870,40.95
1871,7871,24.429
1872,7872,20.59
1873,7873,32.95
1874,7874,27.85
1875,7875,39.797000000000004
1876,7876,34.45
1877,7877,52.42
1878,7878,24.799
1879,7879,26.05
1880,7880,28.26
1881,7881,23.994999999999997
1882,7882,50.89
1883,7883,19.509999999999998
1884,7884,44.2
1885,7885,23.81
1886,7886,33.2
1887,7887,72.15
1888,7888,39.185
1889,7889,48.05
1890,7890,64.9
1891,7891,31.15
1892,7892,73.1
1893,7893,71.15
1894,7894,70.33
1895,7895,19.665
1896,7896,64.575
1897,7897,12.8
1898,7898,22.55
1899,7899,49.4
1900,7900,38.2
1901,7901,65.3
1902,7902,32.230000000000004
1903,7903,30.45
1904,7904,23.05
1905,7905,27.24
1906,7906,63.7
1907,7907,41.385
1908,7908,72.525
1909,7909,54.870000000000005
1910,7910,29.660000000000004
1911,7911,30.55
1912,7912,24.5
1913,7913,31.275
1914,7914,35.017
1915,7915,120.45
1916,7916,40.665
1917,7917,28.75
1918,7918,27.5
1919,7919,19.96
1920,7920,58.7
1921,7921,34.245000000000005
1922,7922,30.330000000000002
1923,7923,65.44500000000001
1924,7924,23.240000000000002
1925,7925,66.65
1926,7926,60.575
1927,7927,30.55
1928,7928,72.45
1929,7929,63.7205
1930,7930,30.25
1931,7931,22.169999999999998
1932,7932,28.155
1933,7933,31.05
1934,7934,70.2
1935,7935,20.355
1936,7936,22.907999999999998
1937,7937,20.744999999999997
1938,7938,33.045
1939,7939,18.145
1940,7940,56.80499999999999
1941,7941,73.19
1942,7942,22.555
1943,7943,29.514999999999997
1944,7944,23.45
1945,7945,23.703
1946,7946,26.4
1947,7947,42.975
1948,7948,29.130000000000003
1949,7949,69.88
1950,7950,81.595
1951,7951,36.325
1952,7952,56.879999999999995
1953,7953,24.0
1954,7954,12.875
1955,7955,18.1
1956,7956,30.405
1957,7957,28.78
1958,7958,32.075
1959,7959,44.480000000000004
1960,7960,23.43
1961,7961,23.685
1962,7962,22.425
1963,7963,40.1
1964,7964,20.055
1965,7965,29.410000000000004
1966,7966,24.378999999999998
1967,7967,41.3
1968,7968,44.25
1969,7969,78.87
1970,7970,85.475
1971,7971,44.3
1972,7972,20.71
1973,7973,40.19
1974,7974,33.65
1975,7975,74.375
1976,7976,21.075
1977,7977,31.7
1978,7978,33.95
1979,7979,43.25
1980,7980,34.135
1981,7981,21.85
1982,7982,63.0
1983,7983,20.494999999999997
1984,7984,26.02
1985,7985,95.5
1986,7986,67.4
1987,7987,60.355
1988,7988,90.8
1989,7989,80.85
1990,7990,54.0
1991,7991,26.035000000000004
1992,7992,26.725
1993,7993,35.0
1994,7994,36.21
1995,7995,47.245
1996,7996,25.44
1997,7997,51.45
1998,7998,17.825
1999,7999,23.229999999999997
2000,8000,59.185
2001,8001,78.9
2002,8002,99.78999999999999
2003,8003,34.6
2004,8004,30.75
2005,8005,44.75
2006,8006,34.12
2007,8007,27.6
2008,8008,17.945
2009,8009,24.775
2010,8010,18.24
2011,8011,34.06
2012,8012,65.365
2013,8013,33.739999999999995
2014,8014,92.03999999999999
2015,8015,29.160000000000004
2016,8016,33.870000000000005
2017,8017,68.0
2018,8018,32.81
2019,8019,60.760000000000005
2020,8020,28.5
2021,8021,61.5
2022,8022,24.985
2023,8023,20.945
2024,8024,34.775
2025,8025,28.3
2026,8026,20.555
2027,8027,32.88
2028,8028,70.95
2029,8029,70.7
2030,8030,23.075
2031,8031,24.41
2032,8032,31.725
2033,8033,30.725
2034,8034,66.8
2035,8035,116.65
2036,8036,32.739999999999995
2037,8037,29.665
2038,8038,29.785000000000004
2039,8039,28.85
2040,8040,40.635000000000005
2041,8041,28.49
2042,8042,60.95
2043,8043,33.205
2044,8044,27.225
2045,8045,40.1
2046,8046,32.545
2047,8047,34.97
2048,8048,34.5
2049,8049,72.905
2050,8050,28.68
2051,8051,18.21
2052,8052,35.56
2053,8053,29.325
2054,8054,28.9
2055,8055,83.0
2056,8056,58.785000000000004
2057,8057,45.735
2058,8058,100.89500000000001
2059,8059,29.080000000000002
2060,8060,32.25
2061,8061,46.75
2062,8062,28.445
2063,8063,32.28
2064,8064,26.685000000000002
2065,8065,32.0
2066,8066,62.7
2067,8067,22.475
2068,8068,23.655
2069,8069,39.614999999999995
2070,8070,70.27000000000001
2071,8071,39.15
2072,8072,28.25
2073,8073,41.995000000000005
2074,8074,33.555
2075,8075,25.325
2076,8076,23.464999999999996
2077,8077,28.35
2078,8078,28.605
2079,8079,47.585
2080,8080,31.964999999999996
2081,8081,89.9
2082,8082,55.904999999999994
2083,8083,33.525
2084,8084,56.370000000000005
2085,8085,63.7
2086,8086,19.235
2087,8087,42.190000000000005
2088,8088,27.155
2089,8089,83.75
2090,8090,33.62
2091,8091,34.415
2092,8092,63.3
2093,8093,38.65
2094,8094,58.855
2095,8095,27.505000000000003
2096,8096,67.45
2097,8097,64.675
2098,8098,26.839999999999996
2099,8099,56.96500000000001
2100,8100,30.525
2101,8101,43.835
2102,8102,19.95
2103,8103,25.4205
2104,8104,37.3
2105,8105,35.605000000000004
2106,8106,23.36
2107,8107,25.525
2108,8108,21.759999999999998
2109,8109,26.6
2110,8110,37.7
2111,8111,30.695
2112,8112,78.5
2113,8113,23.905
2114,8114,43.34
2115,8115,28.255000000000003
2116,8116,13.95
2117,8117,27.05
2118,8118,81.15
2119,8119,32.355000000000004
2120,8120,39.975
2121,8121,67.7
2122,8122,26.53
2123,8123,35.33795
2124,8124,69.3
2125,8125,35.129999999999995
2126,8126,82.55
2127,8127,32.63
2128,8128,25.4
2129,8129,35.45
2130,8130,23.765
2131,8131,49.71
2132,8132,33.93
2133,8133,33.993
2134,8134,66.78
2135,8135,27.605
2136,8136,38.015
2137,8137,26.145
2138,8138,54.385000000000005
2139,8139,30.055
2140,8140,23.919999999999998
2141,8141,34.305
2142,8142,74.97999999999999
2143,8143,40.14
2144,8144,24.04
2145,8145,25.25
2146,8146,32.62
2147,8147,61.1
2148,8148,63.2
2149,8149,31.335
2150,8150,70.15
2151,8151,27.23
2152,8152,66.5
2153,8153,30.8825
2154,8154,66.25
2155,8155,32.790000000000006
2156,8156,80.22999999999999
2157,8157,46.7
2158,8158,55.975
2159,8159,29.25
2160,8160,37.475
2161,8161,35.545
2162,8162,30.665
2163,8163,14.1
2164,8164,67.5
2165,8165,60.75
2166,8166,88.61
2167,8167,24.925
2168,8168,27.25
2169,8169,28.85
2170,8170,28.97795
2171,8171,26.75
2172,8172,76.97
2173,8173,25.855
2174,8174,23.56
2175,8175,37.3
2176,8176,36.0
2177,8177,52.05
2178,8178,24.628999999999998
2179,8179,25.875
2180,8180,37.760000000000005
2181,8181,33.730000000000004
2182,8182,38.275
2183,8183,35.375
2184,8184,26.73
2185,8185,42.905
2186,8186,71.45
2187,8187,32.989999999999995
2188,8188,83.3
2189,8189,26.642950000000003
2190,8190,35.85
2191,8191,59.25
2192,8192,43.760000000000005
2193,8193,31.689999999999998
2194,8194,36.175
2195,8195,26.089999999999996
2196,8196,21.075
2197,8197,23.22
2198,8198,29.2
2199,8199,42.144999999999996
2200,8200,31.52
2201,8201,25.675
2202,8202,71.155
2203,8203,37.3
2204,8204,19.84
2205,8205,29.425
2206,8206,46.2
2207,8207,25.15
2208,8208,66.75
2209,8209,65.09
2210,8210,73.1
2211,8211,29.935000000000002
2212,8212,50.535000000000004
2213,8213,52.475
2214,8214,71.85
2215,8215,32.0
2216,8216,27.244999999999997
2217,8217,28.985000000000003
2218,8218,23.375
2219,8219,26.847499999999997
2220,8220,23.939999999999998
2221,8221,68.97
2222,8222,39.4
2223,8223,52.53499999999999
2224,8224,30.619999999999997
2225,8225,73.25
2226,8226,51.114999999999995
2227,8227,35.65
2228,8228,69.35
2229,8229,43.2
2230,8230,36.260000000000005
2231,8231,50.405
2232,8232,25.99
2233,8233,26.560000000000002
2234,8234,31.65
2235,8235,40.425
2236,8236,67.78
2237,8237,73.1
2238,8238,56.95
2239,8239,30.635
2240,8240,34.5
2241,8241,87.975
2242,8242,23.765
2243,8243,18.91
2244,8244,64.205
2245,8245,39.519999999999996
2246,8246,27.720000000000006
2247,8247,63.044999999999995
2248,8248,27.105
2249,8249,35.9
2250,8250,29.49
2251,8251,31.135
2252,8252,61.675
2253,8253,32.55
2254,8254,31.519
2255,8255,49.410000000000004
2256,8256,23.4075
2257,8257,32.535000000000004
2258,8258,26.5
2259,8259,22.46
2260,8260,25.375
2261,8261,43.22
2262,8262,66.9
2263,8263,69.9
2264,8264,26.6
2265,8265,68.995
2266,8266,91.15
2267,8267,31.1
2268,8268,31.65
2269,8269,86.625
2270,8270,30.735000000000003
2271,8271,21.494999999999997
2272,8272,58.4655
2273,8273,13.5
2274,8274,41.190000000000005
2275,8275,77.72999999999999
2276,8276,25.8915
2277,8277,28.77
2278,8278,34.635000000000005
2279,8279,24.5275
2280,8280,79.82000000000001
2281,8281,27.689999999999998
2282,8282,30.330000000000002
2283,8283,30.2
2284,8284,42.3
2285,8285,67.725
2286,8286,31.76
2287,8287,59.620000000000005
2288,8288,33.230000000000004
2289,8289,25.649
2290,8290,37.88
2291,8291,41.185
2292,8292,22.925
2293,8293,33.915
2294,8294,73.05
2295,8295,62.69
2296,8296,72.05
2297,8297,32.5
2298,8298,34.55
2299,8299,19.95
2300,8300,46.63
2301,8301,80.1
2302,8302,64.795
2303,8303,32.593
2304,8304,47.495
2305,8305,89.05
2306,8306,40.760000000000005
2307,8307,31.15
2308,8308,27.580000000000002
2309,8309,35.970000000000006
2310,8310,32.93
2311,8311,85.25
2312,8312,30.46
2313,8313,22.884999999999998
2314,8314,26.759000000000004
2315,8315,34.0
2316,8316,26.910000000000004
2317,8317,22.975
2318,8318,19.415
2319,8319,35.805
2320,8320,18.990000000000002
2321,8321,47.83
2322,8322,29.570000000000004
2323,8323,19.85
2324,8324,35.076499999999996
2325,8325,34.25
2326,8326,23.23
2327,8327,31.005000000000003
2328,8328,44.75
2329,8329,83.2
2330,8330,94.84
2331,8331,32.658500000000004
2332,8332,54.79
2333,8333,60.0
2334,8334,21.45
2335,8335,31.589999999999996
2336,8336,32.785000000000004
2337,8337,27.993000000000002
2338,8338,90.2
2339,8339,31.625
2340,8340,36.455
2341,8341,26.205000000000002
2342,8342,33.004999999999995
2343,8343,72.75
2344,8344,35.86
2345,8345,48.6
2346,8346,22.75
2347,8347,32.31
2348,8348,34.868
2349,8349,55.77
2350,8350,59.9
2351,8351,36.7
2352,8352,32.4
2353,8353,36.15
2354,8354,71.55
2355,8355,91.89500000000001
2356,8356,29.975
2357,8357,49.9075
2358,8358,13.635
2359,8359,23.065
2360,8360,36.22
2361,8361,38.2
2362,8362,42.2
2363,8363,20.945
2364,8364,25.860000000000003
2365,8365,25.3
2366,8366,65.69500000000001
2367,8367,51.7
2368,8368,76.55
2369,8369,35.835
2370,8370,68.95
2371,8371,60.55
2372,8372,25.630000000000003
2373,8373,33.995
2374,8374,27.825
2375,8375,39.07
2376,8376,38.1
2377,8377,66.2
2378,8378,27.25
2379,8379,55.2
2380,8380,25.0
2381,8381,65.83
2382,8382,21.95
2383,8383,57.0
2384,8384,28.310000000000002
2385,8385,18.97
2386,8386,24.240000000000002
2387,8387,33.95
2388,8388,26.6
2389,8389,26.6
2390,8390,28.505000000000003
2391,8391,33.30795
2392,8392,38.875
2393,8393,66.85
2394,8394,57.795
2395,8395,31.93
2396,8396,49.07
2397,8397,24.965
2398,8398,36.415
2399,8399,25.25
2400,8400,61.95
2401,8401,76.95
2402,8402,40.61
2403,8403,29.075
2404,8404,30.235000000000003
2405,8405,81.28
2406,8406,61.25
2407,8407,23.630000000000003
2408,8408,40.964999999999996
2409,8409,27.0
2410,8410,29.1
2411,8411,58.075
2412,8412,64.625
2413,8413,43.55
2414,8414,52.25
2415,8415,24.8
2416,8416,31.265000000000004
2417,8417,36.8275
2418,8418,27.1
2419,8419,80.795
2420,8420,23.205000000000002
2421,8421,23.35
2422,8422,41.45
2423,8423,50.085
2424,8424,31.8
2425,8425,27.205000000000002
2426,8426,35.39
2427,8427,13.425
2428,8428,68.365
2429,8429,63.58
2430,8430,33.585
2431,8431,38.160000000000004
2432,8432,24.335
2433,8433,39.7
2434,8434,24.0
2435,8435,34.9
2436,8436,36.0
2437,8437,28.7
2438,8438,20.075
2439,8439,56.15
2440,8440,27.325
2441,8441,34.885000000000005
2442,8442,26.835
2443,8443,38.67
2444,8444,22.55
2445,8445,68.19
2446,8446,22.75
2447,8447,30.642500000000002
2448,8448,54.605
2449,8449,91.22
2450,8450,73.63
2451,8451,28.865
2452,8452,27.99
2453,8453,55.870000000000005
2454,8454,54.03499999999999
2455,8455,32.095
2456,8456,13.275
2457,8457,45.025
2458,8458,84.44500000000001
2459,8459,23.825
2460,8460,37.177499999999995
2461,8461,45.7
2462,8462,36.0
2463,8463,31.095
2464,8464,24.369999999999997
2465,8465,53.620000000000005
2466,8466,33.31
2467,8467,32.475
2468,8468,38.925
2469,8469,53.404999999999994
2470,8470,34.175
2471,8471,29.605
2472,8472,30.875
2473,8473,70.85
2474,8474,29.4
2475,8475,30.455000000000002
2476,8476,31.485000000000003
2477,8477,61.95
2478,8478,32.214999999999996
2479,8479,29.71
2480,8480,20.15
2481,8481,76.67999999999999
2482,8482,84.0
2483,8483,20.15
2484,8484,30.880000000000003
2485,8485,23.6
2486,8486,34.1
2487,8487,38.5
2488,8488,27.525
2489,8489,25.82
2490,8490,34.835
2491,8491,20.705000000000002
2492,8492,20.740000000000002
2493,8493,55.830000000000005
2494,8494,29.505000000000003
2495,8495,28.585
2496,8496,32.4
2497,8497,32.685
2498,8498,47.5
2499,8499,31.95
2500,8500,18.95
2501,8501,33.425
2502,8502,31.225
2503,8503,55.275
2504,8504,35.6
2505,8505,70.15
2506,8506,41.230000000000004
2507,8507,31.43
2508,8508,37.25
2509,8509,26.335
2510,8510,32.435
2511,8511,58.07000000000001
2512,8512,80.0
2513,8513,61.08
2514,8514,35.144999999999996
2515,8515,27.85
2516,8516,47.705
2517,8517,23.455000000000002
2518,8518,36.65
2519,8519,49.25
2520,8520,26.15
2521,8521,71.53
2522,8522,32.79
2523,8523,23.169999999999998
2524,8524,32.572
2525,8525,22.357499999999998
2526,8526,60.0
2527,8527,64.545
2528,8528,60.42999999999999
2529,8529,32.135000000000005
2530,8530,19.57
2531,8531,36.64
2532,8532,22.844
2533,8533,13.1
2534,8534,87.75
2535,8535,29.994999999999997
2536,8536,31.055
2537,8537,29.7
2538,8538,78.86500000000001
2539,8539,34.2
2540,8540,49.14
2541,8541,20.884999999999998
2542,8542,34.785000000000004
2543,8543,30.7
2544,8544,39.017
2545,8545,37.21
2546,8546,37.75
2547,8547,39.15
2548,8548,29.97
2549,8549,39.481
2550,8550,21.455000000000002
2551,8551,44.3
2552,8552,65.8
2553,8553,31.595
2554,8554,37.525
2555,8555,43.435
2556,8556,76.4
2557,8557,20.82
2558,8558,29.15
2559,8559,40.7
2560,8560,13.9
2561,8561,31.659999999999997
2562,8562,36.364999999999995
2563,8563,24.565
2564,8564,61.845499999999994
2565,8565,27.4
2566,8566,65.5
2567,8567,77.5
2568,8568,44.18
2569,8569,64.7
2570,8570,38.45
2571,8571,20.0
2572,8572,43.68
2573,8573,41.660000000000004
2574,8574,41.985
2575,8575,56.220000000000006
2576,8576,31.95
2577,8577,75.85
2578,8578,24.57
2579,8579,50.36
2580,8580,28.3
2581,8581,46.25
2582,8582,17.6
2583,8583,45.722500000000004
2584,8584,21.71
2585,8585,30.610000000000003
2586,8586,95.845
2587,8587,47.9
2588,8588,26.65
2589,8589,49.065
2590,8590,35.25
2591,8591,23.630000000000003
2592,8592,38.405
2593,8593,22.825
2594,8594,59.864999999999995
2595,8595,35.285000000000004
2596,8596,31.435000000000002
2597,8597,26.7
2598,8598,59.225
2599,8599,43.315
2600,8600,64.5
2601,8601,33.4
2602,8602,51.135000000000005
2603,8603,18.3
2604,8604,41.410000000000004
2605,8605,28.25
2606,8606,31.05
2607,8607,41.1
2608,8608,26.4
2609,8609,20.1
2610,8610,33.739999999999995
2611,8611,29.4
2612,8612,57.629999999999995
2613,8613,73.63
2614,8614,85.9
2615,8615,37.465
2616,8616,30.621000000000002
2617,8617,46.6
2618,8618,47.415
2619,8619,21.52
2620,8620,32.855000000000004
2621,8621,91.25
2622,8622,39.065000000000005
2623,8623,24.55
2624,8624,36.35
2625,8625,34.475
2626,8626,22.265
2627,8627,37.225
2628,8628,61.845000000000006
2629,8629,34.85
2630,8630,27.05
2631,8631,25.255000000000003
2632,8632,35.8
2633,8633,27.97
2634,8634,67.2
2635,8635,30.415000000000003
2636,8636,23.0
2637,8637,75.25
2638,8638,33.065
2639,8639,55.32000000000001
2640,8640,13.75
2641,8641,25.96
2642,8642,35.6
2643,8643,27.425
2644,8644,37.19
2645,8645,36.75
2646,8646,24.82
2647,8647,28.175
2648,8648,27.765000000000004
2649,8649,25.419999999999998
2650,8650,19.369999999999997
2651,8651,34.525
2652,8652,41.21
2653,8653,80.1
2654,8654,58.435
2655,8655,43.339999999999996
2656,8656,33.45
2657,8657,25.665
2658,8658,72.0
2659,8659,22.35
2660,8660,32.45
2661,8661,28.814999999999998
2662,8662,63.8
2663,8663,14.635
2664,8664,57.135000000000005
2665,8665,69.15
2666,8666,29.155
2667,8667,36.7
2668,8668,34.9135
2669,8669,30.4
2670,8670,13.575
2671,8671,31.75
2672,8672,21.75
2673,8673,36.85
2674,8674,47.915
2675,8675,43.785000000000004
2676,8676,26.749000000000002
2677,8677,56.4
2678,8678,34.415
2679,8679,39.045
2680,8680,62.3
2681,8681,23.565
2682,8682,30.825
2683,8683,28.25
2684,8684,13.25
2685,8685,70.05
2686,8686,32.144999999999996
2687,8687,27.8
2688,8688,66.315
2689,8689,24.115000000000002
2690,8690,14.025
2691,8691,35.970000000000006
2692,8692,49.55
2693,8693,44.61
2694,8694,39.519999999999996
2695,8695,69.6
2696,8696,45.5
2697,8697,24.3
2698,8698,13.275
2699,8699,38.015
2700,8700,68.8
2701,8701,42.055
2702,8702,20.35
2703,8703,27.105
2704,8704,75.55
2705,8705,39.68
2706,8706,70.475
2707,8707,26.165
2708,8708,63.8
2709,8709,36.253
2710,8710,25.8
2711,8711,59.455
2712,8712,22.825
2713,8713,51.705
2714,8714,58.395
2715,8715,37.0
2716,8716,56.235
2717,8717,27.435000000000002
2718,8718,35.8
2719,8719,32.21
2720,8720,38.08
2721,8721,28.410000000000004
2722,8722,20.775
2723,8723,36.08
2724,8724,33.1
2725,8725,35.71
2726,8726,44.95
2727,8727,39.05
2728,8728,46.5
2729,8729,36.25
2730,8730,24.355
2731,8731,93.45
2732,8732,26.235000000000003
2733,8733,21.425
2734,8734,41.085
2735,8735,43.915
2736,8736,28.46
2737,8737,50.21
2738,8738,30.2
2739,8739,31.35
2740,8740,25.6
2741,8741,29.939999999999998
2742,8742,72.65
2743,8743,44.230000000000004
2744,8744,33.55
2745,8745,62.4
2746,8746,39.295
2747,8747,39.785000000000004
2748,8748,64.55
2749,8749,63.85
2750,8750,37.85
2751,8751,31.26
2752,8752,32.730000000000004
2753,8753,31.190000000000005
2754,8754,68.01
2755,8755,26.920000000000005
2756,8756,31.919999999999998
2757,8757,46.2
2758,8758,30.775
2759,8759,53.65
2760,8760,33.8825
2761,8761,29.695
2762,8762,41.05
2763,8763,26.0433
2764,8764,25.555
2765,8765,28.35
2766,8766,13.7
2767,8767,57.81
2768,8768,32.575
2769,8769,75.2
2770,8770,34.8
2771,8771,77.8
2772,8772,65.5
2773,8773,28.275
2774,8774,26.339999999999996
2775,8775,28.155
2776,8776,22.355
2777,8777,29.160000000000004
2778,8778,22.965
2779,8779,52.15
2780,8780,38.239999999999995
2781,8781,26.71
2782,8782,26.765000000000004
2783,8783,22.035
2784,8784,43.45
2785,8785,21.575
2786,8786,29.875
2787,8787,43.5
2788,8788,18.225
2789,8789,66.78999999999999
2790,8790,28.72
2791,8791,40.6
2792,8792,66.92999999999999
2793,8793,46.75
2794,8794,26.805
2795,8795,46.135000000000005
2796,8796,75.575
2797,8797,24.05
2798,8798,23.84
2799,8799,25.775
2800,8800,49.65
2801,8801,27.105
2802,8802,67.67999999999999
2803,8803,30.95
2804,8804,79.0
2805,8805,36.05
2806,8806,63.5
2807,8807,22.005000000000003
2808,8808,45.010000000000005
2809,8809,30.275
2810,8810,40.34
2811,8811,32.28
2812,8812,28.615
2813,8813,32.839999999999996
2814,8814,65.65
2815,8815,28.235000000000003
2816,8816,29.95
2817,8817,27.4
2818,8818,36.88295
2819,8819,26.55
2820,8820,31.055
2821,8821,22.47
2822,8822,20.91
2823,8823,30.669999999999998
2824,8824,32.295
2825,8825,68.755
2826,8826,32.055
2827,8827,37.74
2828,8828,71.5
2829,8829,80.13
2830,8830,27.105
2831,8831,25.9
2832,8832,75.65
2833,8833,33.9
2834,8834,29.369999999999997
2835,8835,25.3
2836,8836,33.95
2837,8837,88.99
2838,8838,23.630000000000003
2839,8839,83.28999999999999
2840,8840,46.65
2841,8841,65.0
2842,8842,23.740000000000002
2843,8843,41.695
2844,8844,35.455
2845,8845,26.51
2846,8846,22.235
2847,8847,40.730000000000004
2848,8848,23.95
2849,8849,24.46
2850,8850,35.58
2851,8851,24.29
2852,8852,54.4
2853,8853,33.195
2854,8854,30.560000000000002
2855,8855,66.83500000000001
2856,8856,15.883
2857,8857,27.915
2858,8858,28.65
2859,8859,64.4
2860,8860,41.1
2861,8861,69.2
2862,8862,22.625
2863,8863,66.015
2864,8864,60.955
2865,8865,37.15
2866,8866,68.85
2867,8867,30.8
2868,8868,39.489999999999995
2869,8869,42.55
2870,8870,34.76
2871,8871,63.75
2872,8872,57.9405
2873,8873,20.29
2874,8874,33.04
2875,8875,27.494999999999997
2876,8876,38.685
2877,8877,23.565
2878,8878,22.705000000000002
2879,8879,35.5
2880,8880,31.285000000000004
2881,8881,35.214999999999996
2882,8882,42.05
2883,8883,28.95
2884,8884,52.765
2885,8885,50.173
2886,8886,69.45
2887,8887,53.315
2888,8888,22.265
2889,8889,37.585
2890,8890,71.125
2891,8891,66.76
2892,8892,85.8
2893,8893,51.85
2894,8894,30.225
2895,8895,28.965000000000003
2896,8896,33.364999999999995
2897,8897,25.1
2898,8898,25.9125
2899,8899,37.235
2900,8900,14.175
2901,8901,71.17999999999999
2902,8902,51.9
2903,8903,55.35
2904,8904,30.0
2905,8905,23.2
2906,8906,28.03
2907,8907,66.615
2908,8908,71.83
2909,8909,62.25
2910,8910,29.205000000000002
2911,8911,47.313300000000005
2912,8912,55.855
2913,8913,23.55
2914,8914,48.875
2915,8915,82.785
2916,8916,20.509999999999998
2917,8917,38.765
2918,8918,19.9
2919,8919,67.49549999999999
2920,8920,24.835
2921,8921,35.635000000000005
2922,8922,28.560000000000002
2923,8923,21.9
2924,8924,51.665
2925,8925,52.94
2926,8926,38.055
2927,8927,37.644999999999996
2928,8928,73.15
2929,8929,63.879999999999995
2930,8930,34.35
2931,8931,26.8
2932,8932,26.805
2933,8933,48.5
2934,8934,25.8
2935,8935,31.8
2936,8936,65.8
2937,8937,37.519999999999996
2938,8938,29.970000000000006
2939,8939,26.425
2940,8940,64.815
2941,8941,34.175
2942,8942,51.1
2943,8943,67.55
2944,8944,32.14
2945,8945,22.095
2946,8946,58.455
2947,8947,31.805
2948,8948,33.8
2949,8949,43.1
2950,8950,33.855000000000004
2951,8951,32.8
2952,8952,24.064999999999998
2953,8953,62.8
2954,8954,37.85
2955,8955,24.66
2956,8956,41.05
2957,8957,38.269999999999996
2958,8958,23.05
2959,8959,40.1125
2960,8960,43.835
2961,8961,54.69500000000001
2962,8962,39.15
2963,8963,27.195
2964,8964,75.64500000000001
2965,8965,61.629999999999995
2966,8966,65.6
2967,8967,52.95
2968,8968,24.8
2969,8969,68.87
2970,8970,50.15
2971,8971,34.355000000000004
2972,8972,68.075
2973,8973,34.4
2974,8974,71.2
2975,8975,31.15
2976,8976,25.76
2977,8977,53.7
2978,8978,32.3
2979,8979,29.439999999999998
2980,8980,27.335
2981,8981,35.58
2982,8982,76.75
2983,8983,29.925
2984,8984,28.040000000000003
2985,8985,36.95
2986,8986,66.365
2987,8987,75.575
2988,8988,21.794999999999998
2989,8989,38.025
2990,8990,88.675
2991,8991,41.755
2992,8992,49.825
2993,8993,31.5
2994,8994,29.214999999999996
2995,8995,40.15
2996,8996,36.0
2997,8997,21.94
2998,8998,31.45
2999,8999,32.56
3000,9000,42.85
3001,9001,32.475
3002,9002,63.08
3003,9003,24.990000000000002
3004,9004,56.35
3005,9005,65.215
3006,9006,43.975
3007,9007,28.325
3008,9008,57.904999999999994
3009,9009,69.955
3010,9010,32.2
3011,9011,22.9
3012,9012,87.725
3013,9013,29.665
3014,9014,68.965
3015,9015,46.445
3016,9016,34.339999999999996
3017,9017,56.7
3018,9018,62.05
3019,9019,74.15
3020,9020,26.325
3021,9021,32.285000000000004
3022,9022,31.145
3023,9023,31.5
3024,9024,22.25
3025,9025,27.3325
3026,9026,39.0
3027,9027,48.95
3028,9028,40.765
3029,9029,30.315000000000005
3030,9030,36.775
3031,9031,29.95
3032,9032,49.205
3033,9033,26.528999999999996
3034,9034,21.59
3035,9035,25.9
3036,9036,27.15
3037,9037,86.34
3038,9038,37.745
3039,9039,22.475
3040,9040,31.98
3041,9041,37.906
3042,9042,35.06
3043,9043,41.65
3044,9044,29.975
3045,9045,28.55
3046,9046,31.55
3047,9047,25.66795
3048,9048,62.614999999999995
3049,9049,68.3
3050,9050,50.95
3051,9051,31.549
3052,9052,45.455
3053,9053,31.54
3054,9054,37.08795
3055,9055,29.415
3056,9056,25.725
3057,9057,25.425
3058,9058,68.6
3059,9059,67.85
3060,9060,39.964999999999996
3061,9061,81.1
3062,9062,29.95
3063,9063,20.95
3064,9064,93.94500000000001
3065,9065,57.35
3066,9066,37.019999999999996
3067,9067,31.75
3068,9068,27.244999999999997
3069,9069,25.75
3070,9070,14.825
3071,9071,26.375
3072,9072,26.65
3073,9073,21.305
3074,9074,67.75
3075,9075,27.910000000000004
3076,9076,32.64
3077,9077,23.29
3078,9078,55.8725
3079,9079,95.0
3080,9080,29.305
3081,9081,33.8
3082,9082,27.305
3083,9083,33.9
3084,9084,34.85
3085,9085,22.619999999999997
3086,9086,25.835
3087,9087,90.175
3088,9088,62.4
3089,9089,38.962
3090,9090,27.0
3091,9091,69.05
3092,9092,59.19500000000001
3093,9093,35.45
3094,9094,13.175
3095,9095,77.5
3096,9096,48.785000000000004
3097,9097,32.65
3098,9098,24.23
3099,9099,93.495
3100,9100,34.129999999999995
3101,9101,31.214999999999996
3102,9102,33.8
3103,9103,29.6
3104,9104,48.24
3105,9105,24.080000000000002
3106,9106,26.1
3107,9107,69.60499999999999
3108,9108,25.99
3109,9109,54.5
3110,9110,23.0
3111,9111,42.45
3112,9112,27.77295
3113,9113,31.380000000000003
3114,9114,42.075
3115,9115,34.88499999999999
3116,9116,23.625
3117,9117,28.855
3118,9118,37.43
3119,9119,53.75
3120,9120,25.509999999999998
3121,9121,68.8
3122,9122,38.12499999999999
3123,9123,31.262
3124,9124,30.1
3125,9125,30.98
3126,9126,68.83500000000001
3127,9127,23.74
3128,9128,42.635000000000005
3129,9129,37.25
3130,9130,37.495
3131,9131,91.92999999999999
3132,9132,30.005000000000003
3133,9133,58.52
3134,9134,44.6165
3135,9135,21.655
3136,9136,42.4
3137,9137,25.4
3138,9138,60.915
3139,9139,66.4
3140,9140,68.05
3141,9141,27.5
3142,9142,18.41
3143,9143,26.53
3144,9144,28.15
3145,9145,37.855000000000004
3146,9146,31.2
3147,9147,49.1
3148,9148,56.6
3149,9149,31.975
3150,9150,57.325
3151,9151,36.3275
3152,9152,24.35
3153,9153,29.32
3154,9154,20.124999999999996
3155,9155,65.2
3156,9156,33.015
3157,9157,20.95
3158,9158,22.725
3159,9159,25.105
3160,9160,36.725
3161,9161,30.077949999999998
3162,9162,27.835
3163,9163,33.405
3164,9164,68.16
3165,9165,18.784
3166,9166,65.7
3167,9167,42.05
3168,9168,71.65
3169,9169,34.25
3170,9170,50.589999999999996
3171,9171,26.45
3172,9172,96.325
3173,9173,80.15
3174,9174,72.0
3175,9175,79.705
3176,9176,30.65
3177,9177,99.845
3178,9178,34.97
3179,9179,39.760000000000005
3180,9180,24.314
3181,9181,27.75
3182,9182,55.959999999999994
3183,9183,28.45
3184,9184,29.35
3185,9185,30.835
3186,9186,39.585
3187,9187,40.510000000000005
3188,9188,42.3725
3189,9189,25.68
3190,9190,35.970000000000006
3191,9191,63.73
3192,9192,27.385
3193,9193,29.05
3194,9194,27.21
3195,9195,43.0
3196,9196,56.025
3197,9197,93.495
3198,9198,89.5
3199,9199,18.66
3200,9200,37.25
3201,9201,54.5
3202,9202,56.35
3203,9203,28.885
3204,9204,20.965
3205,9205,20.490000000000002
3206,9206,27.99
3207,9207,88.545
3208,9208,59.815
3209,9209,51.73499999999999
3210,9210,29.505000000000003
3211,9211,42.985
3212,9212,30.45
3213,9213,75.515
3214,9214,36.0
3215,9215,31.05
3216,9216,46.225
3217,9217,41.4
3218,9218,27.7
3219,9219,36.475
3220,9220,33.14
3221,9221,50.69500000000001
3222,9222,32.339999999999996
3223,9223,72.85
3224,9224,25.9625
3225,9225,28.305
3226,9226,29.125
3227,9227,62.7
3228,9228,46.555
3229,9229,66.3
3230,9230,27.1
3231,9231,49.2
3232,9232,37.644999999999996
3233,9233,43.730000000000004
3234,9234,56.9
3235,9235,37.1
3236,9236,48.335
3237,9237,44.1
3238,9238,28.655
3239,9239,55.504999999999995
3240,9240,28.385
3241,9241,25.11
3242,9242,41.235
3243,9243,31.8
3244,9244,29.830000000000002
3245,9245,57.795
3246,9246,43.0
3247,9247,39.335
3248,9248,35.33
3249,9249,64.10499999999999
3250,9250,20.47
3251,9251,61.379999999999995
3252,9252,26.355
3253,9253,18.955000000000002
3254,9254,32.910000000000004
3255,9255,19.025
3256,9256,30.294999999999998
3257,9257,88.4
3258,9258,35.819
3259,9259,67.65
3260,9260,26.435000000000002
3261,9261,74.42999999999999
3262,9262,58.45
3263,9263,46.15
3264,9264,30.15
3265,9265,15.45
3266,9266,62.96
3267,9267,35.989999999999995
3268,9268,63.5
3269,9269,26.5
3270,9270,27.975
3271,9271,33.445
3272,9272,92.7
3273,9273,24.64
3274,9274,69.6
3275,9275,60.0
3276,9276,72.35
3277,9277,66.455
3278,9278,18.259999999999998
3279,9279,66.44
3280,9280,33.160000000000004
3281,9281,65.15
3282,9282,65.7
3283,9283,42.305
3284,9284,61.7
3285,9285,27.98
3286,9286,27.85
3287,9287,30.355
3288,9288,87.7
3289,9289,40.25
3290,9290,40.281
3291,9291,37.411
3292,9292,24.115000000000002
3293,9293,25.05
3294,9294,49.8
3295,9295,29.645
3296,9296,30.635
3297,9297,35.205
3298,9298,36.28
3299,9299,33.57
3300,9300,44.5
3301,9301,26.32
3302,9302,32.370000000000005
3303,9303,43.45
3304,9304,19.035
3305,9305,22.875
3306,9306,27.2
3307,9307,72.45
3308,9308,74.795
3309,9309,68.7
3310,9310,30.655
3311,9311,23.725
3312,9312,28.375
3313,9313,58.260000000000005
3314,9314,26.305
3315,9315,25.75
3316,9316,73.755
3317,9317,30.28
3318,9318,37.855000000000004
3319,9319,53.9
3320,9320,35.265
3321,9321,39.185
3322,9322,38.35
3323,9323,24.5
3324,9324,28.9
3325,9325,25.425
3326,9326,33.019999999999996
3327,9327,86.2
3328,9328,27.904999999999994
3329,9329,35.239999999999995
3330,9330,50.46
3331,9331,44.89
3332,9332,21.84
3333,9333,27.743000000000002
3334,9334,32.1
3335,9335,47.375
3336,9336,22.490000000000002
3337,9337,29.25
3338,9338,85.0205
3339,9339,49.65
3340,9340,94.995
3341,9341,66.57000000000001
3342,9342,24.045
3343,9343,30.4
3344,9344,26.3
3345,9345,34.855000000000004
3346,9346,32.435
3347,9347,28.28
3348,9348,21.244999999999997
3349,9349,28.1
3350,9350,22.529
3351,9351,30.1
3352,9352,27.85
3353,9353,48.160000000000004
3354,9354,24.15
3355,9355,34.269999999999996
3356,9356,28.05
3357,9357,72.0
3358,9358,29.05
3359,9359,27.485000000000003
3360,9360,27.380000000000003
3361,9361,33.925
3362,9362,34.805
3363,9363,55.55499999999999
3364,9364,21.715
3365,9365,19.35
3366,9366,72.9
3367,9367,51.15
3368,9368,36.0
3369,9369,47.394999999999996
3370,9370,38.25
3371,9371,27.25
3372,9372,67.1
3373,9373,100.25
3374,9374,32.05
3375,9375,33.295
3376,9376,25.119999999999997
3377,9377,32.033500000000004
3378,9378,32.005
3379,9379,30.580000000000002
3380,9380,37.894999999999996
3381,9381,32.55
3382,9382,31.694
3383,9383,25.925
3384,9384,39.45
3385,9385,87.65
3386,9386,25.185000000000002
3387,9387,55.17999999999999
3388,9388,36.220000000000006
3389,9389,36.9
3390,9390,32.825
3391,9391,32.085
3392,9392,23.505000000000003
3393,9393,31.779999999999994
3394,9394,41.9
3395,9395,46.9
3396,9396,24.68
3397,9397,26.835
3398,9398,40.4
3399,9399,26.52
3400,9400,68.9
3401,9401,24.1
3402,9402,22.15
3403,9403,21.119999999999997
3404,9404,75.125
3405,9405,37.61
3406,9406,28.0825
3407,9407,41.605000000000004
3408,9408,24.915
3409,9409,34.275
3410,9410,25.764999999999997
3411,9411,40.755
3412,9412,37.4625
3413,9413,26.0
3414,9414,21.035
3415,9415,30.2
3416,9416,21.015
3417,9417,22.93
3418,9418,25.085
3419,9419,24.1
3420,9420,12.8
3421,9421,57.55499999999999
3422,9422,61.870000000000005
3423,9423,22.9
3424,9424,35.89
3425,9425,21.46
3426,9426,24.7
3427,9427,26.625
3428,9428,61.904999999999994
3429,9429,25.98
3430,9430,23.02
3431,9431,26.145
3432,9432,33.85
3433,9433,37.75
3434,9434,30.580000000000002
3435,9435,75.575
3436,9436,29.060000000000002
3437,9437,39.405
3438,9438,86.36
3439,9439,39.2425
3440,9440,29.601999999999997
3441,9441,32.279
3442,9442,31.310000000000002
3443,9443,28.75
3444,9444,29.669
3445,9445,20.47
3446,9446,58.05
3447,9447,25.205000000000002
3448,9448,49.2
3449,9449,38.230000000000004
3450,9450,25.25
3451,9451,49.75
3452,9452,33.45
3453,9453,28.934999999999995
3454,9454,29.110000000000003
3455,9455,25.095
3456,9456,39.114999999999995
3457,9457,28.755000000000003
3458,9458,47.595
3459,9459,43.25
3460,9460,29.805
3461,9461,54.8
3462,9462,37.3
3463,9463,47.45
3464,9464,63.25
3465,9465,52.775
3466,9466,31.05
3467,9467,48.38
3468,9468,38.1
3469,9469,45.9
3470,9470,31.175
3471,9471,43.035000000000004
3472,9472,31.310000000000002
3473,9473,23.455000000000002
3474,9474,20.03
3475,9475,59.815
3476,9476,41.6
3477,9477,27.415
3478,9478,70.5
3479,9479,65.485
3480,9480,28.85
3481,9481,28.355
3482,9482,35.285000000000004
3483,9483,34.25
3484,9484,58.0
3485,9485,48.315
3486,9486,31.365
3487,9487,32.28
3488,9488,38.005
3489,9489,31.55
3490,9490,29.475
3491,9491,47.78
3492,9492,34.5
3493,9493,27.25
3494,9494,61.425
3495,9495,45.2
3496,9496,67.6
3497,9497,71.4
3498,9498,63.05
3499,9499,67.3
3500,9500,86.0705
3501,9501,65.2
3502,9502,73.2
3503,9503,37.56
3504,9504,34.305
3505,9505,26.65
3506,9506,47.660000000000004
3507,9507,27.71
3508,9508,29.160000000000004
3509,9509,24.335
3510,9510,29.775
3511,9511,37.9
3512,9512,39.8
3513,9513,25.39
3514,9514,31.625
3515,9515,36.797000000000004
3516,9516,36.505
3517,9517,73.5
3518,9518,76.95
3519,9519,21.425
3520,9520,75.1
3521,9521,72.28
3522,9522,30.785000000000004
3523,9523,21.95
3524,9524,69.1
3525,9525,45.144999999999996
3526,9526,25.95
3527,9527,60.470499999999994
3528,9528,72.975
3529,9529,44.771
3530,9530,12.875
3531,9531,77.55
3532,9532,30.52
3533,9533,27.340000000000003
3534,9534,75.75
3535,9535,62.32000000000001
3536,9536,34.25
3537,9537,63.52
3538,9538,31.365
3539,9539,22.95
3540,9540,33.385000000000005
3541,9541,44.687999999999995
3542,9542,29.7
3543,9543,38.425
3544,9544,55.875
3545,9545,25.8
3546,9546,29.505000000000003
3547,9547,24.865000000000002
3548,9548,79.45
3549,9549,50.05
3550,9550,61.915
3551,9551,54.085
3552,9552,21.369999999999997
3553,9553,18.990000000000002
3554,9554,30.455000000000002
3555,9555,33.8
3556,9556,32.269999999999996
3557,9557,64.045
3558,9558,12.934999999999999
3559,9559,24.759999999999998
3560,9560,38.62
3561,9561,39.2
3562,9562,34.86
3563,9563,61.214999999999996
3564,9564,15.725
3565,9565,27.82
3566,9566,34.45
3567,9567,42.980000000000004
3568,9568,23.98
3569,9569,31.0
3570,9570,24.805
3571,9571,67.53
3572,9572,65.565
3573,9573,30.405
3574,9574,29.175
3575,9575,32.36
3576,9576,91.38
3577,9577,30.45
3578,9578,48.729
3579,9579,40.92
3580,9580,22.175
3581,9581,26.185000000000002
3582,9582,49.97
3583,9583,22.675
3584,9584,45.85
3585,9585,35.160000000000004
3586,9586,28.955000000000002
3587,9587,33.9
3588,9588,42.525
3589,9589,34.92
3590,9590,22.175
3591,9591,23.3525
3592,9592,27.625
3593,9593,63.93499999999999
3594,9594,40.37
3595,9595,35.6
3596,9596,20.475
3597,9597,40.315
3598,9598,72.4355
3599,9599,75.44500000000001
3600,9600,42.1
3601,9601,25.27795
3602,9602,58.0
3603,9603,30.9
3604,9604,35.410000000000004
3605,9605,47.644999999999996
3606,9606,17.085
3607,9607,36.501
3608,9608,38.03
3609,9609,30.9
3610,9610,33.9
3611,9611,36.945
3612,9612,33.375
3613,9613,27.5075
3614,9614,88.7
3615,9615,60.45
3616,9616,67.36999999999999
3617,9617,39.43
3618,9618,19.07
3619,9619,65.05
3620,9620,28.82
3621,9621,29.45
3622,9622,66.8
3623,9623,28.794
3624,9624,56.879999999999995
3625,9625,83.55
3626,9626,50.3
3627,9627,52.77
3628,9628,64.45
3629,9629,83.245
3630,9630,34.655
3631,9631,13.485
3632,9632,68.035
3633,9633,40.05
3634,9634,73.07
3635,9635,57.06
3636,9636,69.45
3637,9637,68.55
3638,9638,36.510000000000005
3639,9639,26.675
3640,9640,29.875
3641,9641,61.98
3642,9642,29.085
3643,9643,34.730000000000004
3644,9644,31.165
3645,9645,37.480000000000004
3646,9646,31.525
3647,9647,20.784
3648,9648,20.9
3649,9649,90.175
3650,9650,25.79
3651,9651,24.745
3652,9652,38.5
3653,9653,29.54
3654,9654,23.865000000000002
3655,9655,24.895
3656,9656,27.4
3657,9657,59.52
3658,9658,26.764999999999997
3659,9659,40.62
3660,9660,29.9175
3661,9661,30.15
3662,9662,57.15
3663,9663,75.635
3664,9664,47.76
3665,9665,28.755000000000003
3666,9666,27.1
3667,9667,22.4
3668,9668,36.655
3669,9669,31.01
3670,9670,20.9
3671,9671,59.760000000000005
3672,9672,34.25
3673,9673,31.919999999999998
3674,9674,27.580000000000002
3675,9675,27.735000000000003
3676,9676,37.65
3677,9677,33.4
3678,9678,36.36
3679,9679,69.6
3680,9680,25.135
3681,9681,95.75
3682,9682,33.18
3683,9683,33.9
3684,9684,41.375
3685,9685,27.26
3686,9686,35.835
3687,9687,23.369999999999997
3688,9688,32.46
3689,9689,41.95
3690,9690,34.795
3691,9691,27.603999999999996
3692,9692,37.65
3693,9693,25.705000000000002
3694,9694,23.41
3695,9695,47.2
3696,9696,41.1
3697,9697,49.9825
3698,9698,31.55
3699,9699,77.475
3700,9700,37.97
3701,9701,26.0
3702,9702,25.46
3703,9703,56.3
3704,9704,48.335
3705,9705,25.678999999999995
3706,9706,22.0
3707,9707,46.13
3708,9708,24.775
3709,9709,30.6
3710,9710,68.0
3711,9711,71.4
3712,9712,24.94
3713,9713,63.265
3714,9714,22.7
3715,9715,24.6275
3716,9716,30.093
3717,9717,24.54
3718,9718,61.36
3719,9719,42.0
3720,9720,33.2
3721,9721,29.21
3722,9722,24.185
3723,9723,25.195
3724,9724,20.22
3725,9725,32.175
3726,9726,39.315000000000005
3727,9727,28.45
3728,9728,25.25
3729,9729,26.6
3730,9730,39.9
3731,9731,35.655
3732,9732,54.995000000000005
3733,9733,53.65
3734,9734,21.105
3735,9735,64.375
3736,9736,22.175
3737,9737,58.8
3738,9738,43.95
3739,9739,46.53
3740,9740,34.730000000000004
3741,9741,13.875
3742,9742,21.05
3743,9743,27.915
3744,9744,55.9
3745,9745,64.05
3746,9746,35.885000000000005
3747,9747,66.375
3748,9748,31.55
3749,9749,23.369999999999997
3750,9750,33.385000000000005
3751,9751,71.75999999999999
3752,9752,26.785000000000004
3753,9753,24.665
3754,9754,39.565
3755,9755,74.3
3756,9756,24.95
3757,9757,30.25
3758,9758,68.8
3759,9759,30.455000000000002
3760,9760,34.260000000000005
3761,9761,24.945
3762,9762,33.79
3763,9763,33.65
3764,9764,39.95
3765,9765,28.65
3766,9766,83.05
3767,9767,13.775
3768,9768,26.25
3769,9769,22.6
3770,9770,33.165
3771,9771,77.92999999999999
3772,9772,27.27
3773,9773,71.1
3774,9774,21.41
3775,9775,30.725
3776,9776,25.375
3777,9777,26.82
3778,9778,29.65
3779,9779,44.285
3780,9780,37.265
3781,9781,32.405
3782,9782,41.905
3783,9783,28.78
3784,9784,18.915
3785,9785,37.29
3786,9786,31.145000000000003
3787,9787,44.335
3788,9788,24.259999999999998
3789,9789,31.925
3790,9790,60.7
3791,9791,26.7
3792,9792,35.695
3793,9793,27.910000000000004
3794,9794,29.145
3795,9795,65.67999999999999
3796,9796,45.83
3797,9797,58.9
3798,9798,41.339999999999996
3799,9799,70.66
3800,9800,24.775
3801,9801,22.330000000000002
3802,9802,76.85
3803,9803,38.535000000000004
3804,9804,24.7
3805,9805,63.75
3806,9806,78.01
3807,9807,51.015
3808,9808,29.955000000000002
3809,9809,29.53
3810,9810,27.575
3811,9811,95.0
3812,9812,53.0
3813,9813,32.75
3814,9814,27.7
3815,9815,63.8
3816,9816,27.925
3817,9817,59.5
3818,9818,56.720000000000006
3819,9819,29.1625
3820,9820,67.4
3821,9821,20.494999999999997
3822,9822,58.3
3823,9823,39.160000000000004
3824,9824,40.18
3825,9825,34.665000000000006
3826,9826,37.83
3827,9827,23.615000000000002
3828,9828,26.535000000000004
3829,9829,31.7
3830,9830,23.955
3831,9831,26.925
3832,9832,24.625
3833,9833,44.85
3834,9834,24.1
3835,9835,37.775
3836,9836,33.85
3837,9837,26.139999999999997
3838,9838,28.855
3839,9839,32.385000000000005
3840,9840,33.7
3841,9841,25.835
3842,9842,28.785000000000004
3843,9843,31.345
3844,9844,17.490000000000002
3845,9845,72.61
3846,9846,27.7
3847,9847,74.25
3848,9848,36.2
3849,9849,27.025
3850,9850,37.11
3851,9851,43.65
3852,9852,33.45
3853,9853,46.25
3854,9854,41.45
3855,9855,51.645
3856,9856,42.575
3857,9857,34.9
3858,9858,38.85
3859,9859,39.489999999999995
3860,9860,85.66499999999999
3861,9861,33.82
3862,9862,51.545
3863,9863,70.75
3864,9864,22.380000000000003
3865,9865,21.714999999999996
3866,9866,23.3
3867,9867,24.830000000000002
3868,9868,18.8
3869,9869,31.32
3870,9870,31.15
3871,9871,36.35
3872,9872,29.655
3873,9873,38.635000000000005
3874,9874,36.980000000000004
3875,9875,37.505
3876,9876,62.879999999999995
3877,9877,67.792
3878,9878,61.575
3879,9879,48.85
3880,9880,27.945
3881,9881,25.825
3882,9882,72.015
3883,9883,72.025
3884,9884,26.064999999999998
3885,9885,23.830000000000002
3886,9886,61.2
3887,9887,46.1
3888,9888,71.95
3889,9889,30.660000000000004
3890,9890,60.0
3891,9891,37.58
3892,9892,57.410000000000004
3893,9893,25.3675
3894,9894,36.825
3895,9895,41.6
3896,9896,27.660000000000004
3897,9897,29.645
3898,9898,31.93
3899,9899,36.65294999999999
3900,9900,26.975
3901,9901,23.5
3902,9902,70.81
3903,9903,24.445
3904,9904,23.21
3905,9905,66.46549999999999
3906,9906,21.47
3907,9907,39.3
3908,9908,21.725
3909,9909,63.55999999999999
3910,9910,30.182949999999998
3911,9911,26.5
3912,9912,90.15
3913,9913,31.5
3914,9914,47.2
3915,9915,47.65
3916,9916,40.067
3917,9917,58.81
3918,9918,33.505
3919,9919,12.65
3920,9920,32.3
3921,9921,30.9
3922,9922,55.9
3923,9923,48.3
3924,9924,28.095
3925,9925,24.994999999999997
3926,9926,17.675
3927,9927,23.165
3928,9928,59.90500000000001
3929,9929,32.775
3930,9930,56.3
3931,9931,68.8
3932,9932,34.114999999999995
3933,9933,27.525
3934,9934,97.745
3935,9935,27.264999999999997
3936,9936,27.79
3937,9937,37.675
3938,9938,31.5
3939,9939,47.2
3940,9940,24.265
3941,9941,38.55
3942,9942,19.825
3943,9943,50.894999999999996
3944,9944,39.410000000000004
3945,9945,25.65
3946,9946,58.75
3947,9947,31.035000000000004
3948,9948,29.410000000000004
3949,9949,25.19
3950,9950,37.08
3951,9951,25.445
3952,9952,40.25
3953,9953,66.45
3954,9954,57.86
3955,9955,37.7
3956,9956,23.205000000000002
3957,9957,63.915
3958,9958,96.245
3959,9959,39.475
3960,9960,35.55
3961,9961,35.915
3962,9962,20.11
3963,9963,65.67999999999999
3964,9964,34.839999999999996
3965,9965,68.06
3966,9966,63.55
3967,9967,25.8875
3968,9968,34.6
3969,9969,13.275
3970,9970,88.345
3971,9971,51.7
3972,9972,61.714999999999996
3973,9973,27.575
3974,9974,49.875
3975,9975,67.33
3976,9976,50.85
3977,9977,20.665
3978,9978,68.6
3979,9979,36.625
3980,9980,35.75
3981,9981,69.1
3982,9982,35.745
3983,9983,19.65
3984,9984,21.580000000000002
3985,9985,25.6
3986,9986,69.13
3987,9987,34.07
3988,9988,68.215
3989,9989,28.235000000000003
3990,9990,19.475
3991,9991,29.07
3992,9992,28.275
3993,9993,39.435
3994,9994,36.847
3995,9995,97.5
3996,9996,22.825
3997,9997,68.35
3998,9998,42.80499999999999
3999,9999,37.485
4000,10000,22.753999999999998
4001,10001,21.325
4002,10002,28.535000000000004
4003,10003,45.305
4004,10004,73.1
4005,10005,26.98
4006,10006,41.25
4007,10007,31.24
4008,10008,34.67
4009,10009,32.375
4010,10010,28.935000000000002
4011,10011,31.53
4012,10012,31.23
4013,10013,32.96
4014,10014,20.505000000000003
4015,10015,33.075
4016,10016,28.56295
4017,10017,64.75
4018,10018,52.65
4019,10019,43.42
4020,10020,21.8
4021,10021,63.48
4022,10022,26.7
4023,10023,43.0
4024,10024,72.9
4025,10025,31.855
4026,10026,76.95
4027,10027,27.855
4028,10028,32.394999999999996
4029,10029,59.75
4030,10030,26.744999999999997
4031,10031,55.739999999999995
4032,10032,25.225
4033,10033,69.65
4034,10034,32.714999999999996
4035,10035,37.9
4036,10036,39.755
4037,10037,31.05
4038,10038,26.860000000000003
4039,10039,28.45
4040,10040,25.19
4041,10041,30.65
4042,10042,30.880000000000003
4043,10043,20.55
4044,10044,46.345
4045,10045,34.55
4046,10046,24.505000000000003
4047,10047,30.6
4048,10048,29.5
4049,10049,20.330000000000002
4050,10050,33.96
4051,10051,89.64500000000001
4052,10052,33.875
4053,10053,72.85
4054,10054,36.3
4055,10055,55.335
4056,10056,65.125
4057,10057,31.05
4058,10058,47.94
4059,10059,19.994999999999997
4060,10060,35.745
4061,10061,31.2
4062,10062,34.940000000000005
4063,10063,36.205
4064,10064,28.360000000000003
4065,10065,41.7
4066,10066,53.588
4067,10067,58.85
4068,10068,35.625
4069,10069,49.4
4070,10070,55.45
4071,10071,25.619
4072,10072,27.585
4073,10073,30.615
4074,10074,76.25
4075,10075,26.7
4076,10076,84.785
4077,10077,32.89
4078,10078,26.075
4079,10079,69.58500000000001
4080,10080,27.605
4081,10081,101.39500000000001
4082,10082,26.794999999999998
4083,10083,49.404999999999994
4084,10084,36.625
4085,10085,21.165
4086,10086,25.6
4087,10087,18.644
4088,10088,51.35
4089,10089,23.255000000000003
4090,10090,26.1375
4091,10091,35.339999999999996
4092,10092,20.305
4093,10093,28.2
4094,10094,28.82
4095,10095,26.080000000000002
4096,10096,26.255000000000003
4097,10097,57.33
4098,10098,34.75
4099,10099,25.5
4100,10100,61.214999999999996
4101,10101,37.665
4102,10102,26.929999999999996
4103,10103,22.525
4104,10104,29.1
4105,10105,58.075
4106,10106,36.5
4107,10107,60.92999999999999
4108,10108,26.135
4109,10109,53.69500000000001
4110,10110,29.45
4111,10111,23.73
4112,10112,22.65
4113,10113,37.3
4114,10114,55.825
4115,10115,35.519999999999996
4116,10116,38.55
4117,10117,34.9
4118,10118,23.25
4119,10119,24.46
4120,10120,23.165
4121,10121,58.25
4122,10122,64.405
4123,10123,46.864999999999995
4124,10124,69.5
4125,10125,32.685
4126,10126,73.35
4127,10127,55.55
4128,10128,74.28
4129,10129,25.78
4130,10130,39.0
4131,10131,46.385000000000005
4132,10132,66.05
4133,10133,37.605000000000004
4134,10134,22.044999999999998
4135,10135,26.330000000000002
4136,10136,20.865000000000002
4137,10137,39.15
4138,10138,27.65795
4139,10139,63.364999999999995
4140,10140,23.015
4141,10141,27.48
4142,10142,39.805
4143,10143,28.475
4144,10144,38.94
4145,10145,62.42999999999999
4146,10146,28.0
4147,10147,52.654999999999994
4148,10148,29.7
4149,10149,25.59
4150,10150,67.85
4151,10151,31.125
4152,10152,92.09
4153,10153,31.2
4154,10154,33.678
4155,10155,38.35
4156,10156,26.005000000000003
4157,10157,63.9
4158,10158,43.1
4159,10159,27.95
4160,10160,28.57
4161,10161,57.85
4162,10162,57.589999999999996
4163,10163,29.875
4164,10164,54.7
4165,10165,30.939999999999998
4166,10166,65.91499999999999
4167,10167,30.935000000000002
4168,10168,25.8
4169,10169,17.365000000000002
4170,10170,36.1
4171,10171,33.15
4172,10172,28.665
4173,10173,26.639999999999997
4174,10174,34.175
4175,10175,32.495
4176,10176,31.705000000000002
4177,10177,30.2
4178,10178,33.15
4179,10179,27.765000000000004
4180,10180,28.525
4181,10181,41.485
4182,10182,31.85
4183,10183,67.99050000000001
4184,10184,53.4
4185,10185,47.260000000000005
4186,10186,51.085
4187,10187,32.019
4188,10188,31.175
4189,10189,24.884999999999998
4190,10190,33.7
4191,10191,68.41
4192,10192,89.55
4193,10193,81.065
4194,10194,22.57
4195,10195,22.105
4196,10196,25.885
4197,10197,30.733300000000003
4198,10198,69.2
4199,10199,33.480000000000004
4200,10200,60.1
4201,10201,38.3455
4202,10202,28.125
4203,10203,23.275
4204,10204,72.125
4205,10205,56.36
4206,10206,22.52
4207,10207,35.225
4208,10208,36.005
4209,10209,19.82
4210,10210,29.945
4211,10211,65.25
4212,10212,29.30295
4213,10213,13.475
4214,10214,51.975
4215,10215,27.8
4216,10216,60.0
4217,10217,29.835
4218,10218,41.3
4219,10219,32.75
4220,10220,37.03
4221,10221,51.875
4222,10222,85.675
4223,10223,69.85
4224,10224,37.165000000000006
4225,10225,32.5
4226,10226,25.35
4227,10227,28.195
4228,10228,39.95
4229,10229,61.114999999999995
4230,10230,34.185
4231,10231,17.919999999999998
4232,10232,20.425
4233,10233,67.75
4234,10234,52.673
4235,10235,26.725
4236,10236,48.38
4237,10237,19.6
4238,10238,26.785000000000004
4239,10239,46.5
4240,10240,73.65
4241,10241,66.125
4242,10242,24.81
4243,10243,55.6
4244,10244,31.85
4245,10245,35.04
4246,10246,27.605
4247,10247,28.165
4248,10248,34.730000000000004
4249,10249,38.7
4250,10250,60.970000000000006
4251,10251,60.154999999999994
4252,10252,29.5
4253,10253,22.16
4254,10254,30.25
4255,10255,71.25
4256,10256,69.85
4257,10257,38.69500000000001
4258,10258,22.0
4259,10259,38.665
4260,10260,30.48
4261,10261,64.85
4262,10262,32.755
4263,10263,23.134999999999998
4264,10264,36.85
4265,10265,29.735000000000003
4266,10266,56.19
4267,10267,27.45
4268,10268,19.125
4269,10269,35.05
4270,10270,49.445
4271,10271,27.492
4272,10272,59.765
4273,10273,54.925
4274,10274,73.95
4275,10275,30.885
4276,10276,27.714999999999996
4277,10277,54.410000000000004
4278,10278,31.336000000000002
4279,10279,57.714999999999996
4280,10280,15.934999999999999
4281,10281,45.614999999999995
4282,10282,36.9625
4283,10283,30.705000000000002
4284,10284,27.935000000000002
4285,10285,64.755
4286,10286,38.7
4287,10287,41.25
4288,10288,75.22999999999999
4289,10289,22.684
4290,10290,37.489999999999995
4291,10291,46.78
4292,10292,23.25
4293,10293,26.205000000000002
4294,10294,32.8
4295,10295,40.67
4296,10296,34.78
4297,10297,63.015
4298,10298,34.660000000000004
4299,10299,27.475
4300,10300,32.375
4301,10301,28.885
4302,10302,57.54
4303,10303,28.415
4304,10304,28.185000000000002
4305,10305,47.85
4306,10306,51.879999999999995
4307,10307,56.154999999999994
4308,10308,30.475
4309,10309,45.57
4310,10310,50.25
4311,10311,82.075
4312,10312,85.99
4313,10313,27.5
4314,10314,43.45
4315,10315,29.490000000000002
4316,10316,25.82
4317,10317,34.96
4318,10318,53.1
4319,10319,23.595
4320,10320,31.15
4321,10321,23.669999999999998
4322,10322,31.05
4323,10323,17.93
4324,10324,52.545
4325,10325,37.9
4326,10326,34.45
4327,10327,35.8
4328,10328,48.15
4329,10329,94.635
4330,10330,39.019999999999996
4331,10331,27.801499999999997
4332,10332,24.48
4333,10333,24.630000000000003
4334,10334,48.790000000000006
4335,10335,74.85499999999999
4336,10336,36.589999999999996
4337,10337,38.35
4338,10338,71.55
4339,10339,73.615
4340,10340,34.07
4341,10341,56.45
4342,10342,36.0
4343,10343,33.95
4344,10344,59.3
4345,10345,68.7
4346,10346,35.230000000000004
4347,10347,70.25
4348,10348,35.480000000000004
4349,10349,27.410000000000004
4350,10350,26.05
4351,10351,58.025
4352,10352,70.32000000000001
4353,10353,33.675
4354,10354,55.5
4355,10355,93.495
4356,10356,61.470000000000006
4357,10357,33.255
4358,10358,23.057499999999997
4359,10359,58.3
4360,10360,42.0
4361,10361,47.635000000000005
4362,10362,31.080000000000002
4363,10363,84.0
4364,10364,30.15
4365,10365,65.17999999999999
4366,10366,21.54
4367,10367,29.23
4368,10368,70.25
4369,10369,25.16
4370,10370,39.733
4371,10371,45.714999999999996
4372,10372,38.655
4373,10373,33.2
4374,10374,28.435000000000002
4375,10375,21.0
4376,10376,57.3
4377,10377,68.07000000000001
4378,10378,68.9
4379,10379,35.395
4380,10380,55.9
4381,10381,59.23
4382,10382,34.1
4383,10383,63.825
4384,10384,30.4
4385,10385,34.660000000000004
4386,10386,18.8
4387,10387,33.3
4388,10388,28.6
4389,10389,31.625
4390,10390,34.875
4391,10391,74.2
4392,10392,40.9
4393,10393,80.2
4394,10394,68.72
4395,10395,71.12
4396,10396,64.67999999999999
4397,10397,32.585
4398,10398,34.8
4399,10399,39.489999999999995
4400,10400,30.01
4401,10401,22.595
4402,10402,45.405
4403,10403,25.515
4404,10404,33.78
4405,10405,57.1
4406,10406,16.45
4407,10407,29.595
4408,10408,30.65
4409,10409,35.010000000000005
4410,10410,63.2
4411,10411,37.13
4412,10412,65.15
4413,10413,22.5
4414,10414,23.4
4415,10415,21.565
4416,10416,21.91
4417,10417,21.8
4418,10418,22.3
4419,10419,44.75
4420,10420,27.714999999999996
4421,10421,29.075
4422,10422,27.9
4423,10423,26.95
4424,10424,22.57
4425,10425,34.47
4426,10426,59.95
4427,10427,31.854999999999997
4428,10428,60.875
4429,10429,26.49
4430,10430,41.3
4431,10431,36.63
4432,10432,37.825
4433,10433,40.85
4434,10434,30.1
4435,10435,24.55
4436,10436,28.139999999999997
4437,10437,39.69500000000001
4438,10438,29.895
4439,10439,14.925
4440,10440,25.325
4441,10441,92.45
4442,10442,27.794999999999998
4443,10443,25.009999999999998
4444,10444,37.35
4445,10445,21.665
4446,10446,34.705
4447,10447,44.339999999999996
4448,10448,25.509999999999998
4449,10449,31.76
4450,10450,59.05
4451,10451,72.45
4452,10452,44.35
4453,10453,19.9
4454,10454,31.3
4455,10455,25.41
4456,10456,68.46000000000001
4457,10457,28.48
4458,10458,18.985
4459,10459,51.6
4460,10460,30.98
4461,10461,35.455
4462,10462,26.55
4463,10463,29.093
4464,10464,35.75
4465,10465,73.37
4466,10466,27.15
4467,10467,34.36
4468,10468,26.075
4469,10469,31.775
4470,10470,44.955
4471,10471,53.010000000000005
4472,10472,28.214999999999996
4473,10473,70.0
4474,10474,41.047000000000004
4475,10475,69.88
4476,10476,29.51
4477,10477,31.464999999999996
4478,10478,22.939999999999998
4479,10479,97.75
4480,10480,42.4425
4481,10481,28.432949999999998
4482,10482,34.935
4483,10483,56.475
4484,10484,24.855
4485,10485,34.58
4486,10486,23.622949999999996
4487,10487,31.8
4488,10488,40.260000000000005
4489,10489,23.9075
4490,10490,22.9
4491,10491,25.29
4492,10492,66.1
4493,10493,61.15
4494,10494,23.35
4495,10495,38.62
4496,10496,28.725
4497,10497,25.509999999999998
4498,10498,26.689999999999998
4499,10499,72.89500000000001
4500,10500,83.75
4501,10501,27.955000000000002
4502,10502,21.705000000000002
4503,10503,21.4
4504,10504,63.57000000000001
4505,10505,85.14
4506,10506,65.655
4507,10507,27.472950000000004
4508,10508,40.935
4509,10509,27.275
4510,10510,36.5
4511,10511,68.28
4512,10512,25.08
4513,10513,29.919999999999998
4514,10514,40.75
4515,10515,53.33
4516,10516,76.85
4517,10517,66.95
4518,10518,35.425
4519,10519,37.119
4520,10520,45.911
4521,10521,36.308
4522,10522,41.39
4523,10523,62.315
4524,10524,72.1
4525,10525,22.45
4526,10526,65.9
4527,10527,36.53
4528,10528,28.735000000000003
4529,10529,23.065
4530,10530,38.319
4531,10531,40.2
4532,10532,44.18
4533,10533,50.535000000000004
4534,10534,18.2
4535,10535,27.875
4536,10536,26.610000000000003
4537,10537,20.130000000000003
4538,10538,32.22
4539,10539,48.225
4540,10540,15.204999999999998
4541,10541,48.435
4542,10542,57.4
4543,10543,39.15
4544,10544,58.370000000000005
4545,10545,47.160000000000004
4546,10546,34.43
4547,10547,23.5125
4548,10548,44.075
4549,10549,49.980000000000004
4550,10550,30.275
4551,10551,28.595
4552,10552,30.48
4553,10553,58.55
4554,10554,22.169999999999998
4555,10555,65.1
4556,10556,39.175
4557,10557,30.464999999999996
4558,10558,30.395
4559,10559,42.335
4560,10560,91.05
4561,10561,33.815
4562,10562,26.01
4563,10563,39.440000000000005
4564,10564,66.05
4565,10565,32.15
4566,10566,17.880000000000003
4567,10567,43.85
4568,10568,26.76
4569,10569,72.005
4570,10570,29.135
4571,10571,48.435
4572,10572,14.885
4573,10573,37.1425
4574,10574,40.05
4575,10575,30.75
4576,10576,60.27
4577,10577,69.77000000000001
4578,10578,41.6
4579,10579,36.335
4580,10580,27.98
4581,10581,38.435
4582,10582,37.705
4583,10583,25.275
4584,10584,22.934
4585,10585,35.93
4586,10586,69.55
4587,10587,51.17
4588,10588,34.61
4589,10589,25.55
4590,10590,37.85
4591,10591,28.75
4592,10592,83.45
4593,10593,66.78
4594,10594,23.425
4595,10595,49.945
4596,10596,42.2
4597,10597,30.610000000000003
4598,10598,18.055
4599,10599,34.765
4600,10600,26.3
4601,10601,24.35
4602,10602,24.89
4603,10603,43.735
4604,10604,32.5
4605,10605,78.5
4606,10606,37.339999999999996
4607,10607,30.1
4608,10608,34.675
4609,10609,31.285000000000004
4610,10610,44.21
4611,10611,32.335
4612,10612,19.365000000000002
4613,10613,52.02
4614,10614,53.025
4615,10615,20.94
4616,10616,65.22
4617,10617,26.435000000000002
4618,10618,27.2
4619,10619,21.1
4620,10620,63.55499999999999
4621,10621,32.86
4622,10622,32.230000000000004
4623,10623,29.135
4624,10624,33.975
4625,10625,60.8
4626,10626,33.6
4627,10627,27.985000000000003
4628,10628,26.839999999999996
4629,10629,27.275
4630,10630,23.990000000000002
4631,10631,31.675
4632,10632,65.85
4633,10633,41.214999999999996
4634,10634,34.910000000000004
4635,10635,50.25
4636,10636,79.75
4637,10637,31.395
4638,10638,17.645
4639,10639,35.475
4640,10640,27.05
4641,10641,29.528
4642,10642,35.565000000000005
4643,10643,49.28
4644,10644,32.905
4645,10645,38.25
4646,10646,21.119999999999997
4647,10647,33.765
4648,10648,32.625
4649,10649,29.1
4650,10650,38.29
4651,10651,42.225
4652,10652,33.15
4653,10653,27.4
4654,10654,24.775
4655,10655,40.05
4656,10656,35.75
4657,10657,26.985000000000003
4658,10658,12.575
4659,10659,40.910000000000004
4660,10660,27.385
4661,10661,45.53
4662,10662,24.155
4663,10663,48.81
4664,10664,37.711
4665,10665,29.82
4666,10666,30.78
4667,10667,62.220000000000006
4668,10668,57.370000000000005
4669,10669,55.95
4670,10670,48.15
4671,10671,22.0
4672,10672,26.85
4673,10673,27.028
4674,10674,43.6
4675,10675,33.725
4676,10676,46.3
4677,10677,36.8
4678,10678,32.95
4679,10679,21.54
4680,10680,27.855
4681,10681,38.8565
4682,10682,40.4
4683,10683,55.8
4684,10684,19.07
4685,10685,23.925
4686,10686,34.275
4687,10687,38.0
4688,10688,70.81
4689,10689,26.935000000000002
4690,10690,27.155
4691,10691,41.1
4692,10692,42.185
4693,10693,31.025
4694,10694,49.35
4695,10695,39.685
4696,10696,35.1
4697,10697,36.65
4698,10698,31.855
4699,10699,75.75
4700,10700,23.979999999999997
4701,10701,38.875
4702,10702,37.075
4703,10703,12.85
4704,10704,38.05
4705,10705,69.583
4706,10706,77.22999999999999
4707,10707,24.45
4708,10708,29.830000000000002
4709,10709,22.889999999999997
4710,10710,38.545
4711,10711,73.05
4712,10712,62.65
4713,10713,23.66
4714,10714,30.72
4715,10715,32.55
4716,10716,20.28
4717,10717,29.464999999999996
4718,10718,67.595
4719,10719,97.9
4720,10720,27.425
4721,10721,34.265
4722,10722,36.265
4723,10723,82.88
4724,10724,45.089999999999996
4725,10725,21.79
4726,10726,41.980000000000004
4727,10727,57.15
4728,10728,91.97
4729,10729,85.45
4730,10730,35.415
4731,10731,66.095
4732,10732,60.879999999999995
4733,10733,34.67
4734,10734,86.03999999999999
4735,10735,25.675
4736,10736,23.35
4737,10737,31.32
4738,10738,47.425
4739,10739,29.3
4740,10740,70.15
4741,10741,39.765
4742,10742,16.85
4743,10743,76.22999999999999
4744,10744,48.15
4745,10745,25.675
4746,10746,25.685000000000002
4747,10747,38.075
4748,10748,29.65
4749,10749,28.160000000000004
4750,10750,38.15
4751,10751,25.55
4752,10752,51.7
